https://news.google.com/rss/search?q=aiphotobooth,,,,
"Fri, 12 Jul 2024 07:00:00 GMT",Generative AI Experiences: 3 Ways To Tap Into A New Retargeting Goldmine - Demand Gen Report,,https://news.google.com/rss/articles/CBMixAFBVV95cUxQUWJ6Y1pOZHk1M1Y2S29LN3ZqLWdvS0NvZjM0Y1NzazZIQ2d2TGJYT0x3dWdwRXgzdUhrMUthdTREdjNPdUdHeDZIZjMza2Y4TklxVDZsOU82b2FGcGo4R1FMM1dTcUdCa3BmR0R4Z3JPajJrYVRCbFpWd3VUd0x6b1RlbWFRRExaS1hFandXYnN5Qlc5QlRmTTVFV2JKaDFDOXd0blJTeFdaY3M4d1p1T3drRENaQTladm40SXFUakYtOVlJ?oc=5,"Generative AI Experiences: 3 Ways To Tap Into A New Retargeting Goldmine  Demand 
Gen Report"
"Wed, 29 May 2024 07:00:00 GMT",Why Headshots Taken by a Photographer Are Better Than AI - PetaPixel,,https://news.google.com/rss/articles/CBMilAFBVV95cUxOWjBPbnZHUGwzNHJoUkZIQkN6N1VtR3EyaE5xejQ3R1N6aFlULXFHbDVJUGswOEFuVjFocmZaRTRib1o2aXFvVGR5NGFIZThqZVpwWHpXcGZUYUxrdmhNUFJkdVllM1cyNkJSakJzNXhYOTBBb0ZHQ3g0WUNjUEhjUE4tUU83Y3dNWmFUT0JMUnJNZG5S?oc=5,Why Headshots Taken by a Photographer Are Better Than AI  PetaPixel
"Mon, 03 Jun 2024 07:00:00 GMT",InfoComm 2024: AI moves centre stage - Installation and AV Technology Europe,,https://news.google.com/rss/articles/CBMimAFBVV95cUxObGdmTThoak1Fbzl4dk1uREhWaG5BcUVZLXVhTzhEcHJQQnp6eDJtdWUxNmF2QkppRFByZk44U3Z6R2ZDY0FFdm0xWFBPNzRQdkhES3dfMTVvVjVWcEZOaHhuZmUzcVA4OU9nNndWLVNpYzJsUVNReEUzRDBseTVyUDhMWkd2SHd5SEpjOG03UUNFLUpod3QtVw?oc=5,InfoComm 2024: AI moves centre stage  Installation and AV Technology Europe
"Wed, 12 Jun 2024 07:00:00 GMT",AI Bridgerton Filter: Best Bridgerton Portrait Generator - Perfect Corp.,,https://news.google.com/rss/articles/CBMiigFBVV95cUxPZkNYbmQ0b3ZsWkRJazdwMEZTY2RwRDI3X0dVZmtlWl90V3ROVHNpOEtRelYyNndnd0J1YjZOZm54SXdvb19TOWtCOHFOYUdTQW8zV2VScTBueWtxdVdJZnh1bi1aU0hjel9kU2tBZEV2ZGs1Z3F4c1NBd0NoOWw1YTQxcDhoSzlIakE?oc=5,AI Bridgerton Filter: Best Bridgerton Portrait Generator  Perfect Corp.
"Wed, 04 Oct 2023 07:00:00 GMT",90s yearbook AI trend: Is the app free? How to make high school photos - Fast Company,,https://news.google.com/rss/articles/CBMikwFBVV95cUxOSGtOSjFGVGVKVlY0a0xNUTB5N2tSMHBRZmFsWHZwTFB4VXNiUkd5ZkcydFIxY2xZSzh2UC1sM2J4SjVpZ0VtQnRxNFRKWU1fTGpLd2o2VzZZcE1vbjN1SHEzMXBaY2hKUk5sZ2dFR1RzUlVKUUR2ZlIxSFBoYTA5dTdhN1ZMcUUwbkl0ZUM2a0JTTWs?oc=5,"90s yearbook AI trend: Is the app free? How to make high school photos  Fast 
Company"
"Thu, 09 Nov 2023 08:00:00 GMT",Accenture launches generative AI studios for enterprises - CIO Dive,,https://news.google.com/rss/articles/CBMihgFBVV95cUxPcHZJeU5pd2lUZUtySGVjc2hiWnpPazk3VU5lVFFqcDVhTExoQ0RtMFVISEd2OUdrNGJWcC10Q2pXaGw4T083ZXJzNzFUNmJxbkdXb2w3cy1zNFE5R2VXd2RiTUpsemxJTDl5ZXljS0kzOHZrX21CaFJSNnJaeTFoQnNRTWFsUQ?oc=5,Accenture launches generative AI studios for enterprises  CIO Dive
"Thu, 25 Jul 2024 07:00:00 GMT",Tech fair showcases AI and robotic advances - Bangkok Post,,https://news.google.com/rss/articles/CBMinAFBVV95cUxQaXhpSlhPay1DMnhQWGVDNjVMeFA3SHptQ0Q4Q3NnZG5vREtWNktfakxRU0hSbjhkSWtGcUY3WFJGd1hXS3lOLWNESGNWMkNhVUs3d0lmTVB0alRQQnZSRF9NV09CMGFZb2FLVk9RWEJ5Ny1kY2ZmWldiWjV0ZkIzZnktRXVJd0hxSUgxSWg5VzNtaFRYTHF5NHNDQnk?oc=5,Tech fair showcases AI and robotic advances  Bangkok Post
"Tue, 29 Aug 2023 07:00:00 GMT",This AI photo booth turns your images into dream-like memories - Digital Camera World,,https://news.google.com/rss/articles/CBMipAFBVV95cUxNazdPdmdINk9wbDhuYldKa2o2WEVtZ1dQeDFTcHQ0RmMwREVtZ0swcDEwVDNFaUFlOTV2SE1jQlk3UzRUbFhfRUhlOWZZdTM0TTMxMFBMSnZuVGs1eGlFZ0NzcjlxQnhFWXZWNGNMeGNCckVSN1FjbmhnVkl6OWd5TWczUXNFWVZDM0N4X2lndU5aZ1dMcUg0a1kyeHBfbFVmbVJmQg?oc=5,"This AI photo booth turns your images into dream-like memories  Digital 
Camera World"
"Tue, 03 Oct 2023 07:00:00 GMT",Generative AI and Padel - Deloitte,,https://news.google.com/rss/articles/CBMikAFBVV95cUxQNUw2T19ncUlXWmNieTdiT2ttdVdJZEFPV21TVGRYZGxpNkNyeXpsTnRqV3dHbXpvUl85cVBRZEVOMnVDMTB0b0F5ZHd6NEVjM044SFlUYmpxSWYwTl84elJYdElZMjN6bnBXOTBfdE9qZkppa2E2TlZzc0lOaENTaWFtVkk3UVBFNzQySzJDN0k?oc=5,Generative AI and Padel  Deloitte
"Mon, 08 May 2023 07:00:00 GMT",A Photographer Embraces the Alien Logic of A.I. - The New Yorker,,https://news.google.com/rss/articles/CBMilgFBVV95cUxNRHF3cXVfdEM0eFh3NDRzc0lnN3JWOUJkR1JmcHJQVmFuXzdwN0JpeWN3Y1ZJemRCZ2sxbGNabUkyaEpmN2FycVNLSnExU0M3cmc5cWJBbUc4TTRqZ2RYbnNfa29WdFFVZjZUeGxscFB6N3dUck40SnlyZWJHSkNYZy1qbkQwZjI0M3BWa056c0hqeWZ5Vmc?oc=5,A Photographer Embraces the Alien Logic of A.I.  The New Yorker
"Fri, 04 Aug 2023 07:00:00 GMT",OutSnapped debuts AI photo booth for avatars and more - Kiosk Marketplace,,https://news.google.com/rss/articles/CBMilwFBVV95cUxQZEVDM3JDMkc2ZDBHS19fdWl2YXFMaWFuR0FXb3pDWDBnYVhaV2UyUzRNWlVZZEk3ZDFKYmo2X3gxOUh4QWVYeHQ2VGlwTzRaM2ttN2VDcTFFSkxIdmtuQVJpQk1pNTF2NW5DVEx3UHFwTThmQmVHazVHVXZ4VnBuOWNNX3ZXRHJNbmJBQXdFZktILU5kWVln?oc=5,OutSnapped debuts AI photo booth for avatars and more  Kiosk Marketplace
"Tue, 18 Jul 2023 07:00:00 GMT",How AI is resurrecting dead actors - BBC.com,,https://news.google.com/rss/articles/CBMilwFBVV95cUxOTFp3Y09DM3FieV9mRXVBWEFyQ2tJUW1JUDJRUlZNbmtYV3BoaG1Ha3JnTlYyYWhFelkwVWQzMHd1R0pUVGRDc3d4SG1GSHJVZmVzdkhCRlpWNVprc1VQb2FJTkNDdFdLcXUtaDFldWY1NS1XR1l2NXhuUS0teUhPNHVycTVTZHdsaEVEQjlOaUNsUWs4Z0lN?oc=5,How AI is resurrecting dead actors  BBC.com
"Fri, 07 Jul 2023 07:00:00 GMT",Is A.I. the Future of Astrology? (Published 2023) - The New York Times,,https://news.google.com/rss/articles/CBMidEFVX3lxTE1sa3pmbFQwMk1IeXk4NW40b0ZtRXVxSU1DN1A0NDl6eFFXbVo5YjlVMVRtRzI1bGtVLTBBcnBlMzhEREtHMUxBOVVEQ0ZZNjh3ZkxHMmxYdW51aEhLem1DdFVFMl9VVENVZjBDMWd4TGlSOUVW?oc=5,Is A.I. the Future of Astrology? (Published 2023)  The New York Times
"Wed, 28 Jun 2023 07:00:00 GMT",Safe image generation and diffusion models with Amazon AI content moderation services - AWS Blog,,https://news.google.com/rss/articles/CBMizAFBVV95cUxPTHNQS1k5eVVLWEdhNHZ4eE9FUVFBYTZhRi1ySTN3ZjkwdVJkbHp3ZV9FeTFXUGpITC0taVBTVEpBNTVsaXB5WnJXRHRocGRzNXlWdkdKZ2liZ0dpTGtyR0dwMkVXdldyM2lRYzljcTFZZG9HSGVvY2s4SmFuSTlQMmx5RWZiUlVEdjRNWXZJclhvZFphUnhUUlhFWTlOOVNFVkVFMS02M3ZKZEI0dko2Q29XS2tIZ1RkSDloV3B3UWpOM0EyVnVDYllrMnc?oc=5,"Safe image generation and diffusion models with Amazon AI content 
moderation services  AWS Blog"
"Fri, 04 Aug 2023 07:00:00 GMT",OutSnapped Launches ‘First of its Kind’ AI-Powered Photo Booth - PetaPixel,,https://news.google.com/rss/articles/CBMimgFBVV95cUxQS3YwM2ZIZFlLS3VhdHpXU2FwTjJPSWRKZHhQMTNfRmlzVEd5OTZzbkRnYlBTUnBfUm9xNWloSVdWcDVVMDFWcEVzOWFwT1QxMTFfajBvdXRZdXhWRWE1bkszelBuVTFSNlFXLS1ub2hMRldDUFJJS0g1UnE4Z284QWUxVDBqY3V1VnZVLS0wS01peG9jZ1RpWmZn?oc=5,OutSnapped Launches ‘First of its Kind’ AI-Powered Photo Booth  PetaPixel
"Thu, 04 May 2023 07:00:00 GMT",AI Reveals its Biases by Generating What it Thinks Professors Look Like - PetaPixel,,https://news.google.com/rss/articles/CBMiqAFBVV95cUxONDRjYXpOUWVxUmtzUHM1M2g5RFVhSmdMSjM3UXpzeFd2WVJRbWo3OHBIYkRvNktYRzhpQjF3X1JkS0tSVEVVczFfczhOLVdZellaTDllMkgwQlJVeHVESm1BdXFIRGhKTHZQRlJCSXdkb3k3aUVERHdEV1VYazRJbzFZLXlXVjk0VVduZFAyQW9aNXI5WVdJUGJoZDZZQ3plMno0cVpGNms?oc=5,"AI Reveals its Biases by Generating What it Thinks Professors Look Like  
PetaPixel"
"Thu, 03 Aug 2023 07:00:00 GMT","Asian MIT Student Asks AI for a Pro Headshot, Gets Turned White - PetaPixel",,https://news.google.com/rss/articles/CBMinAFBVV95cUxPTS03dFFqNE9JOVdKZXdDX0NLVko0enc4ZHdSbTRvTzluNkNYWDUzMDR1ZXZGNVJZTmRydmNRNmYtQ19DcnVSNDhVS3Q3WUc5dWN5VFVJd3ZiX3V6VF80ckh4WVhHbE44V0FBdjZNVzRmUjQwZXRaX3kyNTdNY2k0c29kUUp6NkFuckhvU3VfaC1uaGFVT2lpS3pEV28?oc=5,"Asian MIT Student Asks AI for a Pro Headshot, Gets Turned White  PetaPixel"
"Mon, 01 May 2023 07:00:00 GMT",This Hong Kong start-up is giving professionals an AI photo upgrade - South China Morning Post,,https://news.google.com/rss/articles/CBMi0wFBVV95cUxPS1ppWTVJeDEyWnQ4Y19aT0txd19xMndjNDRzR29LOE5VUFZmNm1saU81M3hqbnNBUkdpdW1WdnZIdUVGRFNDZkFCS1RCc2U3Z3BLX1VzV0pzZk5FZzVYNEJTdXBUdHVFM3g5b1ZVOXNCZS01X1U4TE0yRkJCclgyRFZIRVpVTVBhRUlFdDV2VVhpQ0NHcTIzdmh4YkVMVFI5Y2RjRkp5RVozaFFJNW9FcFltSmVOWGVqX2Z3bjZHRXV6OWZHSWoxTS03Z3FXcnZBbjRr0gHTAUFVX3lxTE5yLUFNVXlWaE5PMWpSbnhyNHFyTURtMnpGRFZnenRVOGwxSXFUeXltN0o2YnZ2RVBVODZKRzJQaE5kQmFKSEg4R29QNTZVS2t2SUVLTzZZcUlIa19vSWVhdlRpbVRPZW12Z1Y3UDJ5c09STGhtMHpGc0Z2V0VnT18wY3FqMjRucjNKOTR5cmlmaDRRNVdDLXYtS3kxcm9VN0VmWnl2bmhKbWxGVXRxNzg3QWppMkJkU0tRcElUWWxrTlEzUkdpMGI4emVLU0dIcnNJcVE?oc=5,"This Hong Kong start-up is giving professionals an AI photo upgrade  South 
China Morning Post"
"Mon, 26 Sep 2022 07:00:00 GMT",Google’s DreamBooth brings personalization to AI art - Dataconomy,,https://news.google.com/rss/articles/CBMifEFVX3lxTFBoZXdsRExYbFRycmREVlQ5Nkc0WXEydUlIYlNqVlJleXkwZFBXc0xfX2JpM1c5NVVXbDd0MUxZbzdSQ2x2eThxM1Q4cU9OTjF1TDJQQW8yWjJTMW5JdzJMQXByR0RhZ0dCSGh1WXh2RWNFZzdiaEpxMElNRTg?oc=5,Google’s DreamBooth brings personalization to AI art  Dataconomy
"Mon, 04 Nov 2019 08:00:00 GMT",Adobe is launching a free AI-powered Photoshop Camera app - The Verge,,https://news.google.com/rss/articles/CBMioAFBVV95cUxObjhhaXJyNVVueTNsczkyMWJ1ZXBkV3V6bVg3cC13ZkdMcEJ6M19MbU5FdHpWS1dKeVRUT25fNmxxX3NzVk45THNHNVJ3RXYxY3lKMnphdlVfanFBaWQ1MlhyTWJQTHVrNnJTMllSWlVEVlhIcE5KWjA2R25lUmYzTTNjeWJTQzBlSDdBdXRuSnRBb25JN1V6XzVwT213WUsx?oc=5,Adobe is launching a free AI-powered Photoshop Camera app  The Verge
folder top,"<iframe src=""https://drive.google.com/embeddedfolderview?id=1CA132MqbTZEOZ4eqWszFi2ugz4nWQQ22"" width=""100%"" height=""550"" frameborder=""0"" class=""folder_embed"" allowfullscreen=""true"" scrolling=""no"" loading=""lazy"" mozallowfullscreen=""true"" webkitallowfullscreen=""true""></iframe>",,,
folder articles,"<iframe src=""https://drive.google.com/embeddedfolderview?id=1F8lPzBYk6wCIXHXeq45y8ep-4IQdsajq"" width=""100%"" height=""550"" frameborder=""0"" class=""folder_embed"" allowfullscreen=""true"" scrolling=""no"" loading=""lazy"" mozallowfullscreen=""true"" webkitallowfullscreen=""true""></iframe>",,,
folder slides,"<iframe src=""https://drive.google.com/embeddedfolderview?id=1doJeliDukQAUYhLjWfWFFskpPC9fnm5j"" width=""100%"" height=""550"" frameborder=""0"" class=""folder_embed"" allowfullscreen=""true"" scrolling=""no"" loading=""lazy"" mozallowfullscreen=""true"" webkitallowfullscreen=""true""></iframe>",,,
folder photos,"<iframe src=""https://drive.google.com/embeddedfolderview?id=187s7su-neEL7vfzwU_meymQBg3lM0AeU"" width=""100%"" height=""550"" frameborder=""0"" class=""folder_embed"" allowfullscreen=""true"" scrolling=""no"" loading=""lazy"" mozallowfullscreen=""true"" webkitallowfullscreen=""true""></iframe>",,,
folder pdfs,"<iframe src=""https://drive.google.com/embeddedfolderview?id=1NgLLBqv5IG08o8Ih87c9WalFwPkAIY5m"" width=""100%"" height=""550"" frameborder=""0"" class=""folder_embed"" allowfullscreen=""true"" scrolling=""no"" loading=""lazy"" mozallowfullscreen=""true"" webkitallowfullscreen=""true""></iframe>",,,
spreadsheet,"<iframe src=""https://docs.google.com/spreadsheets/d/1DhuiZZE6JhW0olVv_J9h0o29Yo7hghb8La7H5lAogXI/pubhtml"" width=""100%"" height=""800"" frameborder=""0"" class=""folder_embed"" allowfullscreen=""true"" scrolling=""no"" loading=""lazy"" mozallowfullscreen=""true"" webkitallowfullscreen=""true""></iframe>",,,
presentation,"<iframe src=""https://docs.google.com/presentation/d/1IWU8y7ZkwZ3zpSH38U5V8tSGYGOEfIq7fEVEgrmUbMU/edit?usp=sharing"" width=""100%"" height=""523"" loading=""lazy""></iframe>",,,
presentation,"<iframe src=""https://docs.google.com/presentation/d/1IWU8y7ZkwZ3zpSH38U5V8tSGYGOEfIq7fEVEgrmUbMU/embed?start=true&loop=true&delayms=3000&size=l"" width=""100%"" height=""323"" frameborder=""0"" loading=""lazy"" allowfullscreen=""true"" scrolling=""no"" mozallowfullscreen=""true"" webkitallowfullscreen=""true""></iframe>",,,