All Day Event,https://www.google.com/calendar/event?eid=ZWY3YmdiNmYzN2RjZDVvOTUzb3Q3MGV1ZTggZDc2MDMxNGRiOGQyYjM3YWJkZmUyNjhiODJkN2FiYmVlNGJmNThhNWNlZjI0YzcyOWNhYjg5ODgxYmJhNjQ4MkBncm91cC5jYWxlbmRhci5nb29nbGUuY29t
All Day Event,https://www.google.com/calendar/event?eid=aGdrYjFlazJhM2cxYjZhMm4xdTVvOWVrcTggZDc2MDMxNGRiOGQyYjM3YWJkZmUyNjhiODJkN2FiYmVlNGJmNThhNWNlZjI0YzcyOWNhYjg5ODgxYmJhNjQ4MkBncm91cC5jYWxlbmRhci5nb29nbGUuY29t
All Day Event,https://www.google.com/calendar/event?eid=b3BrbnFkMHVtbHV2ampqYWgyY2NudHZqNWcgZDc2MDMxNGRiOGQyYjM3YWJkZmUyNjhiODJkN2FiYmVlNGJmNThhNWNlZjI0YzcyOWNhYjg5ODgxYmJhNjQ4MkBncm91cC5jYWxlbmRhci5nb29nbGUuY29t
All Day Event,https://www.google.com/calendar/event?eid=ZG8wZThtb3V1aWNwZXRudmwza3RtaXJtMmcgZDc2MDMxNGRiOGQyYjM3YWJkZmUyNjhiODJkN2FiYmVlNGJmNThhNWNlZjI0YzcyOWNhYjg5ODgxYmJhNjQ4MkBncm91cC5jYWxlbmRhci5nb29nbGUuY29t
All Day Event,https://www.google.com/calendar/event?eid=c3ZoZDRyMnI1ZGd1aDlvOGRsZjYxYW81bDQgZDc2MDMxNGRiOGQyYjM3YWJkZmUyNjhiODJkN2FiYmVlNGJmNThhNWNlZjI0YzcyOWNhYjg5ODgxYmJhNjQ4MkBncm91cC5jYWxlbmRhci5nb29nbGUuY29t
All Day Event,https://www.google.com/calendar/event?eid=cWxmN2dsM2FmYmx2aWdvY3ZwM2M1azVoYWcgZDc2MDMxNGRiOGQyYjM3YWJkZmUyNjhiODJkN2FiYmVlNGJmNThhNWNlZjI0YzcyOWNhYjg5ODgxYmJhNjQ4MkBncm91cC5jYWxlbmRhci5nb29nbGUuY29t
All Day Event,https://www.google.com/calendar/event?eid=bTkxazM0M2k2dGc5b2dkdnY0dDc3MmZjdmMgZDc2MDMxNGRiOGQyYjM3YWJkZmUyNjhiODJkN2FiYmVlNGJmNThhNWNlZjI0YzcyOWNhYjg5ODgxYmJhNjQ4MkBncm91cC5jYWxlbmRhci5nb29nbGUuY29t
All Day Event,https://www.google.com/calendar/event?eid=bjlhazlhbW1kNWhqa2wxMDZ0cG10cnA0dHMgZDc2MDMxNGRiOGQyYjM3YWJkZmUyNjhiODJkN2FiYmVlNGJmNThhNWNlZjI0YzcyOWNhYjg5ODgxYmJhNjQ4MkBncm91cC5jYWxlbmRhci5nb29nbGUuY29t
All Day Event,https://www.google.com/calendar/event?eid=aW9wYTNkYTQxZm82bzY1NXVubm1jNnBvdjggZDc2MDMxNGRiOGQyYjM3YWJkZmUyNjhiODJkN2FiYmVlNGJmNThhNWNlZjI0YzcyOWNhYjg5ODgxYmJhNjQ4MkBncm91cC5jYWxlbmRhci5nb29nbGUuY29t
All Day Event,https://www.google.com/calendar/event?eid=MDkzMXJ2OG0xcnA2YjVybnNmMTgxamJzZXMgZDc2MDMxNGRiOGQyYjM3YWJkZmUyNjhiODJkN2FiYmVlNGJmNThhNWNlZjI0YzcyOWNhYjg5ODgxYmJhNjQ4MkBncm91cC5jYWxlbmRhci5nb29nbGUuY29t
All Day Event,https://www.google.com/calendar/event?eid=a2djYnVnazVrcWlpZmc5Y2tqaDlxbmU1MTQgZDc2MDMxNGRiOGQyYjM3YWJkZmUyNjhiODJkN2FiYmVlNGJmNThhNWNlZjI0YzcyOWNhYjg5ODgxYmJhNjQ4MkBncm91cC5jYWxlbmRhci5nb29nbGUuY29t
All Day Event,https://www.google.com/calendar/event?eid=MGtsbzcxYWJxY3FmNGV0cnVjczFjMGV1YTQgZDc2MDMxNGRiOGQyYjM3YWJkZmUyNjhiODJkN2FiYmVlNGJmNThhNWNlZjI0YzcyOWNhYjg5ODgxYmJhNjQ4MkBncm91cC5jYWxlbmRhci5nb29nbGUuY29t
All Day Event,https://www.google.com/calendar/event?eid=Zjh0ZXY3OTVhcXYxMm1sbHNzNW9jbWpibnMgZDc2MDMxNGRiOGQyYjM3YWJkZmUyNjhiODJkN2FiYmVlNGJmNThhNWNlZjI0YzcyOWNhYjg5ODgxYmJhNjQ4MkBncm91cC5jYWxlbmRhci5nb29nbGUuY29t
All Day Event,https://www.google.com/calendar/event?eid=dGhzZXBocmozYXU4ZmJmbXVrbTlidm9rMzQgZDc2MDMxNGRiOGQyYjM3YWJkZmUyNjhiODJkN2FiYmVlNGJmNThhNWNlZjI0YzcyOWNhYjg5ODgxYmJhNjQ4MkBncm91cC5jYWxlbmRhci5nb29nbGUuY29t
All Day Event,https://www.google.com/calendar/event?eid=MXJ1cXFxMzJob3Z2YTNpZWppYWNnbDQ2Zm8gZDc2MDMxNGRiOGQyYjM3YWJkZmUyNjhiODJkN2FiYmVlNGJmNThhNWNlZjI0YzcyOWNhYjg5ODgxYmJhNjQ4MkBncm91cC5jYWxlbmRhci5nb29nbGUuY29t