keyword,AI photo booth rental Orange County ,AI photo booth rental Orange County ,https://sites.google.com/view/ai-face-swap-photo-booth/home
keyword,AI photobooth for rent,AI photobooth for rent,https://drive.google.com/drive/folders/14OBQoEvcu3Hx4fg-FplBfFSKqanDcume?usp=sharing
keyword,AI rental photobooth,AI rental photobooth,https://docs.google.com/document/d/13WJLUc9bGmwkz3wOVoyIio-0xxz9z-izPnkfqndHz7E/edit?usp=sharing
keyword,AI rent photo booth,AI rent photo booth,https://docs.google.com/document/d/13WJLUc9bGmwkz3wOVoyIio-0xxz9z-izPnkfqndHz7E/pub
keyword,AI rental photo booths,AI rental photo booths,https://docs.google.com/document/d/1GAqrZD3MHBUZTBDKC0rDRYB13oc2x28Xf_R2U6JzuMc/edit?usp=sharing
keyword,AI photobooth printing,AI photobooth printing,https://docs.google.com/document/d/1GAqrZD3MHBUZTBDKC0rDRYB13oc2x28Xf_R2U6JzuMc/pub
keyword,AI rent photo booth los angeles,AI rent photo booth los angeles,https://docs.google.com/document/d/1GAqrZD3MHBUZTBDKC0rDRYB13oc2x28Xf_R2U6JzuMc/view
keyword,AI kardashian photo booth,AI kardashian photo booth,https://docs.google.com/document/d/1ssgehoGno7kH0Oe8g94YXYvAAmLNOAJt6hpJBKKXVQY/edit?usp=sharing
keyword,AI photobooth rental los angeles,AI photobooth rental los angeles,https://docs.google.com/document/d/1ssgehoGno7kH0Oe8g94YXYvAAmLNOAJt6hpJBKKXVQY/pub
keyword,AI photo booth with backdrop,AI photo booth with backdrop,https://docs.google.com/document/d/1ssgehoGno7kH0Oe8g94YXYvAAmLNOAJt6hpJBKKXVQY/view
keyword,AI renting a photo booth near me,AI renting a photo booth near me,https://docs.google.com/document/d/1o_N1DCgi7t4hWuG7pboVSm6ugY9ewdWiY_32uKHvWMg/edit?usp=sharing
keyword,AI photo booth rental,AI photo booth rental,https://docs.google.com/document/d/1o_N1DCgi7t4hWuG7pboVSm6ugY9ewdWiY_32uKHvWMg/pub
keyword,AI rental a photo booth,AI rental a photo booth,https://docs.google.com/document/d/1o_N1DCgi7t4hWuG7pboVSm6ugY9ewdWiY_32uKHvWMg/view
keyword,AI photobooth rental,AI photobooth rental,https://docs.google.com/document/d/1BH3XckRTQjGY8dEJzYsPrK19O74rBc0CYZxMSaGt_1A/edit?usp=sharing
keyword,A.I. Artificial Intelligence photo booth for rent los angeles,A.I. Artificial Intelligence photo booth for rent los angeles,https://docs.google.com/document/d/1BH3XckRTQjGY8dEJzYsPrK19O74rBc0CYZxMSaGt_1A/pub
keyword,renting a A.I. Artificial Intelligence photo booth,renting a A.I. Artificial Intelligence photo booth,https://docs.google.com/document/d/1BH3XckRTQjGY8dEJzYsPrK19O74rBc0CYZxMSaGt_1A/view
keyword,A.I. Artificial Intelligence event photo booth,A.I. Artificial Intelligence event photo booth,https://docs.google.com/document/d/1D8zx6W4iyVB_ltWCgDkucrrl3IEzlyHExeCEy41MDrM/edit?usp=sharing
keyword,rent a A.I. Artificial Intelligence photobooth,rent a A.I. Artificial Intelligence photobooth,https://docs.google.com/document/d/1D8zx6W4iyVB_ltWCgDkucrrl3IEzlyHExeCEy41MDrM/pub
keyword,A.I. Artificial Intelligence photo booth wedding rental,A.I. Artificial Intelligence photo booth wedding rental,https://docs.google.com/document/d/1D8zx6W4iyVB_ltWCgDkucrrl3IEzlyHExeCEy41MDrM/view
keyword,A.I. Artificial Intelligence photo booths rent,A.I. Artificial Intelligence photo booths rent,https://docs.google.com/document/d/1d9Q2neNAhzx2R6rM_CRAvtyJ0aFTAxfG5BIbE-j-Y1k/edit?usp=sharing
keyword,A.I. Artificial Intelligence photo booth for weddings,A.I. Artificial Intelligence photo booth for weddings,https://docs.google.com/document/d/1d9Q2neNAhzx2R6rM_CRAvtyJ0aFTAxfG5BIbE-j-Y1k/pub