target url,AI photo booth rental Beverly Hills,"=HYPERLINK(""https://sites.google.com/view/ai-face-swap-photo-booth/home"", IMAGE(""https://api.qrserver.com/v1/create-qr-code/?size=150x150&data=https://sites.google.com/view/ai-face-swap-photo-booth/home"",1))",https://sites.google.com/view/ai-face-swap-photo-booth/home,"=HYPERLINK(""https://sites.google.com/view/ai-face-swap-photo-booth/home"",""AI photo booth rental Beverly Hills"")",,
folder top,AI photo booth rental Beverly Hills,"=HYPERLINK(""https://drive.google.com/drive/folders/1qjb28p1mH28dplloGK4vcCUygwJvqnDI?usp=sharing"", IMAGE(""https://api.qrserver.com/v1/create-qr-code/?size=150x150&data=https://drive.google.com/drive/folders/1qjb28p1mH28dplloGK4vcCUygwJvqnDI?usp=sharing"",1))",https://drive.google.com/drive/folders/1qjb28p1mH28dplloGK4vcCUygwJvqnDI?usp=sharing,"=HYPERLINK(""https://drive.google.com/drive/folders/1qjb28p1mH28dplloGK4vcCUygwJvqnDI?usp=sharing"",""AI photo booth rental Beverly Hills"")",,
rss feed,AI photo booth rental Beverly Hills,"=HYPERLINK(""https://news.google.com/rss/search?q=aiphotobooth"", IMAGE(""https://api.qrserver.com/v1/create-qr-code/?size=150x150&data=https://news.google.com/rss/search?q=aiphotobooth"",1))",https://news.google.com/rss/search?q=aiphotobooth,"=HYPERLINK(""https://news.google.com/rss/search?q=aiphotobooth"",""AI photo booth rental Beverly Hills"")",,
folder articles,AI photo booth rental Beverly Hills Articles,"=HYPERLINK(""https://drive.google.com/drive/folders/1V1Wv9mW5X4FjEkLZYA-6JU-_4xjS4Xj-?usp=sharing"", IMAGE(""https://api.qrserver.com/v1/create-qr-code/?size=150x150&data=https://drive.google.com/drive/folders/1V1Wv9mW5X4FjEkLZYA-6JU-_4xjS4Xj-?usp=sharing"",1))",https://drive.google.com/drive/folders/1V1Wv9mW5X4FjEkLZYA-6JU-_4xjS4Xj-?usp=sharing,"=HYPERLINK(""https://drive.google.com/drive/folders/1V1Wv9mW5X4FjEkLZYA-6JU-_4xjS4Xj-?usp=sharing"",""AI photo booth rental Beverly Hills Articles"")",,
folder photos,AI photo booth rental Beverly Hills Photos,"=HYPERLINK(""https://drive.google.com/drive/folders/1H4GTO9dX0PHipDxhVxZWBnhXGoJtyM-I?usp=sharing"", IMAGE(""https://api.qrserver.com/v1/create-qr-code/?size=150x150&data=https://drive.google.com/drive/folders/1H4GTO9dX0PHipDxhVxZWBnhXGoJtyM-I?usp=sharing"",1))",https://drive.google.com/drive/folders/1H4GTO9dX0PHipDxhVxZWBnhXGoJtyM-I?usp=sharing,"=HYPERLINK(""https://drive.google.com/drive/folders/1H4GTO9dX0PHipDxhVxZWBnhXGoJtyM-I?usp=sharing"",""AI photo booth rental Beverly Hills Photos"")",,
folder pdfs,AI photo booth rental Beverly Hills PDFs,"=HYPERLINK(""https://drive.google.com/drive/folders/1pnnh0BbUvqhLuRtBjSlcFqqGZKR1r2Bd?usp=sharing"", IMAGE(""https://api.qrserver.com/v1/create-qr-code/?size=150x150&data=https://drive.google.com/drive/folders/1pnnh0BbUvqhLuRtBjSlcFqqGZKR1r2Bd?usp=sharing"",1))",https://drive.google.com/drive/folders/1pnnh0BbUvqhLuRtBjSlcFqqGZKR1r2Bd?usp=sharing,"=HYPERLINK(""https://drive.google.com/drive/folders/1pnnh0BbUvqhLuRtBjSlcFqqGZKR1r2Bd?usp=sharing"",""AI photo booth rental Beverly Hills PDFs"")",,
folder slides,AI photo booth rental Beverly Hills Slides,"=HYPERLINK(""https://drive.google.com/drive/folders/17T3v1aRJV462M39LixMoo88BXX3rIllf?usp=sharing"", IMAGE(""https://api.qrserver.com/v1/create-qr-code/?size=150x150&data=https://drive.google.com/drive/folders/17T3v1aRJV462M39LixMoo88BXX3rIllf?usp=sharing"",1))",https://drive.google.com/drive/folders/17T3v1aRJV462M39LixMoo88BXX3rIllf?usp=sharing,"=HYPERLINK(""https://drive.google.com/drive/folders/17T3v1aRJV462M39LixMoo88BXX3rIllf?usp=sharing"",""AI photo booth rental Beverly Hills Slides"")",,
photo,AI photo booth rental Beverly Hills,"=HYPERLINK(""https://drive.google.com/file/d/1S5sjkvMhie1HaZ6IJAtEozK_5kzeiW10/view?usp=sharing"", IMAGE(""https://api.qrserver.com/v1/create-qr-code/?size=150x150&data=https://drive.google.com/file/d/1S5sjkvMhie1HaZ6IJAtEozK_5kzeiW10/view?usp=sharing"",1))",https://drive.google.com/file/d/1S5sjkvMhie1HaZ6IJAtEozK_5kzeiW10/view?usp=sharing,"=HYPERLINK(""https://drive.google.com/file/d/1S5sjkvMhie1HaZ6IJAtEozK_5kzeiW10/view?usp=sharing"",""AI photo booth rental Beverly Hills"")",,
photo,AI photo booth rental Beverly Hills,"=HYPERLINK(""https://drive.google.com/file/d/1IByJfZTakIptE6tLQpRfFEZJvkhpjvna/view?usp=sharing"", IMAGE(""https://api.qrserver.com/v1/create-qr-code/?size=150x150&data=https://drive.google.com/file/d/1IByJfZTakIptE6tLQpRfFEZJvkhpjvna/view?usp=sharing"",1))",https://drive.google.com/file/d/1IByJfZTakIptE6tLQpRfFEZJvkhpjvna/view?usp=sharing,"=HYPERLINK(""https://drive.google.com/file/d/1IByJfZTakIptE6tLQpRfFEZJvkhpjvna/view?usp=sharing"",""AI photo booth rental Beverly Hills"")",,
photo,AI photo booth rental Beverly Hills,"=HYPERLINK(""https://drive.google.com/file/d/1mz_u8Q0HMByzzD3CtqVB6w3zXsh9l5I5/view?usp=sharing"", IMAGE(""https://api.qrserver.com/v1/create-qr-code/?size=150x150&data=https://drive.google.com/file/d/1mz_u8Q0HMByzzD3CtqVB6w3zXsh9l5I5/view?usp=sharing"",1))",https://drive.google.com/file/d/1mz_u8Q0HMByzzD3CtqVB6w3zXsh9l5I5/view?usp=sharing,"=HYPERLINK(""https://drive.google.com/file/d/1mz_u8Q0HMByzzD3CtqVB6w3zXsh9l5I5/view?usp=sharing"",""AI photo booth rental Beverly Hills"")",,
photo,AI photo booth rental Beverly Hills,"=HYPERLINK(""https://drive.google.com/file/d/1Gkx-K082jypxrCOxKG6djD2stzx-KXnG/view?usp=sharing"", IMAGE(""https://api.qrserver.com/v1/create-qr-code/?size=150x150&data=https://drive.google.com/file/d/1Gkx-K082jypxrCOxKG6djD2stzx-KXnG/view?usp=sharing"",1))",https://drive.google.com/file/d/1Gkx-K082jypxrCOxKG6djD2stzx-KXnG/view?usp=sharing,"=HYPERLINK(""https://drive.google.com/file/d/1Gkx-K082jypxrCOxKG6djD2stzx-KXnG/view?usp=sharing"",""AI photo booth rental Beverly Hills"")",,
spreadsheet,AI photo booth rental Beverly Hills,"=HYPERLINK(""https://docs.google.com/spreadsheets/d/1ZMklFZyEuIHR1PjkNuNi0u0tT0L3ewprw6NahFPKh30/edit?usp=sharing"", IMAGE(""https://api.qrserver.com/v1/create-qr-code/?size=150x150&data=https://docs.google.com/spreadsheets/d/1ZMklFZyEuIHR1PjkNuNi0u0tT0L3ewprw6NahFPKh30/edit?usp=sharing"",1))",https://docs.google.com/spreadsheets/d/1ZMklFZyEuIHR1PjkNuNi0u0tT0L3ewprw6NahFPKh30/edit?usp=sharing,"=HYPERLINK(""https://docs.google.com/spreadsheets/d/1ZMklFZyEuIHR1PjkNuNi0u0tT0L3ewprw6NahFPKh30/edit?usp=sharing"",""AI photo booth rental Beverly Hills"")",,
spreadsheet key,AI photo booth rental Beverly Hills key,"=HYPERLINK(""https://docs.google.com/spreadsheet/pub?key=1ZMklFZyEuIHR1PjkNuNi0u0tT0L3ewprw6NahFPKh30"", IMAGE(""https://api.qrserver.com/v1/create-qr-code/?size=150x150&data=https://docs.google.com/spreadsheet/pub?key=1ZMklFZyEuIHR1PjkNuNi0u0tT0L3ewprw6NahFPKh30"",1))",https://docs.google.com/spreadsheet/pub?key=1ZMklFZyEuIHR1PjkNuNi0u0tT0L3ewprw6NahFPKh30,"=HYPERLINK(""https://docs.google.com/spreadsheets/d/1ZMklFZyEuIHR1PjkNuNi0u0tT0L3ewprw6NahFPKh30/edit?usp=sharing"",""AI photo booth rental Beverly Hills"")",,
spreadsheet pubhtml,AI photo booth rental Beverly Hills pubhtml,"=HYPERLINK(""https://docs.google.com/spreadsheets/d/1ZMklFZyEuIHR1PjkNuNi0u0tT0L3ewprw6NahFPKh30/pubhtml"", IMAGE(""https://api.qrserver.com/v1/create-qr-code/?size=150x150&data=https://docs.google.com/spreadsheets/d/1ZMklFZyEuIHR1PjkNuNi0u0tT0L3ewprw6NahFPKh30/pubhtml"",1))",https://docs.google.com/spreadsheets/d/1ZMklFZyEuIHR1PjkNuNi0u0tT0L3ewprw6NahFPKh30/pubhtml,"=HYPERLINK(""https://docs.google.com/spreadsheets/d/1ZMklFZyEuIHR1PjkNuNi0u0tT0L3ewprw6NahFPKh30/edit?usp=sharing"",""AI photo booth rental Beverly Hills"")",,
spreadsheet pub,AI photo booth rental Beverly Hills pub,"=HYPERLINK(""https://docs.google.com/spreadsheets/d/1ZMklFZyEuIHR1PjkNuNi0u0tT0L3ewprw6NahFPKh30/pub"", IMAGE(""https://api.qrserver.com/v1/create-qr-code/?size=150x150&data=https://docs.google.com/spreadsheets/d/1ZMklFZyEuIHR1PjkNuNi0u0tT0L3ewprw6NahFPKh30/pub"",1))",https://docs.google.com/spreadsheets/d/1ZMklFZyEuIHR1PjkNuNi0u0tT0L3ewprw6NahFPKh30/pub,"=HYPERLINK(""https://docs.google.com/spreadsheets/d/1ZMklFZyEuIHR1PjkNuNi0u0tT0L3ewprw6NahFPKh30/edit?usp=sharing"",""AI photo booth rental Beverly Hills"")",,
spreadsheet view,AI photo booth rental Beverly Hills view,"=HYPERLINK(""https://docs.google.com/spreadsheets/d/1ZMklFZyEuIHR1PjkNuNi0u0tT0L3ewprw6NahFPKh30/view"", IMAGE(""https://api.qrserver.com/v1/create-qr-code/?size=150x150&data=https://docs.google.com/spreadsheets/d/1ZMklFZyEuIHR1PjkNuNi0u0tT0L3ewprw6NahFPKh30/view"",1))",https://docs.google.com/spreadsheets/d/1ZMklFZyEuIHR1PjkNuNi0u0tT0L3ewprw6NahFPKh30/view,"=HYPERLINK(""https://docs.google.com/spreadsheets/d/1ZMklFZyEuIHR1PjkNuNi0u0tT0L3ewprw6NahFPKh30/edit?usp=sharing"",""AI photo booth rental Beverly Hills"")",,
form,AI photo booth rental Beverly Hills,"=HYPERLINK(""https://docs.google.com/forms/d/1DM3u0fjXUgYGspyHC-FrwfKq_WTQAc8Nq69n0awKNMQ/edit?usp=sharing"", IMAGE(""https://api.qrserver.com/v1/create-qr-code/?size=150x150&data=https://docs.google.com/forms/d/1DM3u0fjXUgYGspyHC-FrwfKq_WTQAc8Nq69n0awKNMQ/edit?usp=sharing"",1))",https://docs.google.com/forms/d/1DM3u0fjXUgYGspyHC-FrwfKq_WTQAc8Nq69n0awKNMQ/edit?usp=sharing,"=HYPERLINK(""https://docs.google.com/forms/d/1DM3u0fjXUgYGspyHC-FrwfKq_WTQAc8Nq69n0awKNMQ/edit?usp=sharing"",""AI photo booth rental Beverly Hills"")",,
drawing,AI photo booth rental Beverly Hills,"=HYPERLINK(""https://docs.google.com/drawings/d/1uPGrxHEbQsZ_y2tUwISxDPBKURTP85RykkBlaOFuUxg/edit?usp=sharing"", IMAGE(""https://api.qrserver.com/v1/create-qr-code/?size=150x150&data=https://docs.google.com/drawings/d/1uPGrxHEbQsZ_y2tUwISxDPBKURTP85RykkBlaOFuUxg/edit?usp=sharing"",1))",https://docs.google.com/drawings/d/1uPGrxHEbQsZ_y2tUwISxDPBKURTP85RykkBlaOFuUxg/edit?usp=sharing,"=HYPERLINK(""https://docs.google.com/drawings/d/1uPGrxHEbQsZ_y2tUwISxDPBKURTP85RykkBlaOFuUxg/edit?usp=sharing"",""AI photo booth rental Beverly Hills"")",,
image,CTA or Logo,"=HYPERLINK(""https://drive.google.com/file/d/1Ub_baxN1yIKa7z6PHbWKiQ5Hv3QmkYdb/view?usp=drivesdk"", IMAGE(""https://api.qrserver.com/v1/create-qr-code/?size=150x150&data=https://drive.google.com/file/d/1Ub_baxN1yIKa7z6PHbWKiQ5Hv3QmkYdb/view?usp=drivesdk"",1))",https://drive.google.com/file/d/1Ub_baxN1yIKa7z6PHbWKiQ5Hv3QmkYdb/view?usp=drivesdk,,,
image link,CTA or Logo - image link,"=HYPERLINK(""https://sites.google.com/view/ai-face-swap-photo-booth/home"", IMAGE(""https://api.qrserver.com/v1/create-qr-code/?size=150x150&data=https://sites.google.com/view/ai-face-swap-photo-booth/home"",1))",https://sites.google.com/view/ai-face-swap-photo-booth/home,,,
document,AI photo booth rental Beverly Hills,"=HYPERLINK(""https://docs.google.com/document/d/1gV7V2UzXOCHLrgTYmec-wd898uEMS-NVdSK53_zVAFk/edit?usp=sharing"", IMAGE(""https://api.qrserver.com/v1/create-qr-code/?size=150x150&data=https://docs.google.com/document/d/1gV7V2UzXOCHLrgTYmec-wd898uEMS-NVdSK53_zVAFk/edit?usp=sharing"",1))",https://docs.google.com/document/d/1gV7V2UzXOCHLrgTYmec-wd898uEMS-NVdSK53_zVAFk/edit?usp=sharing,"=HYPERLINK(""https://docs.google.com/document/d/1gV7V2UzXOCHLrgTYmec-wd898uEMS-NVdSK53_zVAFk/edit?usp=sharing"",""AI photo booth rental Beverly Hills"")",,
document pub,AI photo booth rental Beverly Hills pub,"=HYPERLINK(""https://docs.google.com/document/d/1gV7V2UzXOCHLrgTYmec-wd898uEMS-NVdSK53_zVAFk/pub"", IMAGE(""https://api.qrserver.com/v1/create-qr-code/?size=150x150&data=https://docs.google.com/document/d/1gV7V2UzXOCHLrgTYmec-wd898uEMS-NVdSK53_zVAFk/pub"",1))",https://docs.google.com/document/d/1gV7V2UzXOCHLrgTYmec-wd898uEMS-NVdSK53_zVAFk/pub,"=HYPERLINK(""https://docs.google.com/document/d/1gV7V2UzXOCHLrgTYmec-wd898uEMS-NVdSK53_zVAFk/edit?usp=sharing"",""AI photo booth rental Beverly Hills"")",,
document view,AI photo booth rental Beverly Hills view,"=HYPERLINK(""https://docs.google.com/document/d/1gV7V2UzXOCHLrgTYmec-wd898uEMS-NVdSK53_zVAFk/view"", IMAGE(""https://api.qrserver.com/v1/create-qr-code/?size=150x150&data=https://docs.google.com/document/d/1gV7V2UzXOCHLrgTYmec-wd898uEMS-NVdSK53_zVAFk/view"",1))",https://docs.google.com/document/d/1gV7V2UzXOCHLrgTYmec-wd898uEMS-NVdSK53_zVAFk/view,"=HYPERLINK(""https://docs.google.com/document/d/1gV7V2UzXOCHLrgTYmec-wd898uEMS-NVdSK53_zVAFk/edit?usp=sharing"",""AI photo booth rental Beverly Hills"")",,
presentation,AI photo booth rental Beverly Hills,"=HYPERLINK(""https://docs.google.com/presentation/d/1Fb0zIdgKqJpwHTddwodKrX7YSvAoiZ4e173aM9SYfNk/edit?usp=sharing"", IMAGE(""https://api.qrserver.com/v1/create-qr-code/?size=150x150&data=https://docs.google.com/presentation/d/1Fb0zIdgKqJpwHTddwodKrX7YSvAoiZ4e173aM9SYfNk/edit?usp=sharing"",1))",https://docs.google.com/presentation/d/1Fb0zIdgKqJpwHTddwodKrX7YSvAoiZ4e173aM9SYfNk/edit?usp=sharing,"=HYPERLINK(""https://docs.google.com/presentation/d/1Fb0zIdgKqJpwHTddwodKrX7YSvAoiZ4e173aM9SYfNk/edit?usp=sharing"",""AI photo booth rental Beverly Hills"")",,
presentation pub,AI photo booth rental Beverly Hills pub,"=HYPERLINK(""https://docs.google.com/presentation/d/1Fb0zIdgKqJpwHTddwodKrX7YSvAoiZ4e173aM9SYfNk/pub?start=true&loop=true&delayms=3000"", IMAGE(""https://api.qrserver.com/v1/create-qr-code/?size=150x150&data=https://docs.google.com/presentation/d/1Fb0zIdgKqJpwHTddwodKrX7YSvAoiZ4e173aM9SYfNk/pub?start=true&loop=true&delayms=3000"",1))",https://docs.google.com/presentation/d/1Fb0zIdgKqJpwHTddwodKrX7YSvAoiZ4e173aM9SYfNk/pub?start=true&loop=true&delayms=3000,"=HYPERLINK(""https://docs.google.com/presentation/d/1Fb0zIdgKqJpwHTddwodKrX7YSvAoiZ4e173aM9SYfNk/edit?usp=sharing"",""AI photo booth rental Beverly Hills"")",,
presentation view,AI photo booth rental Beverly Hills view,"=HYPERLINK(""https://docs.google.com/presentation/d/1Fb0zIdgKqJpwHTddwodKrX7YSvAoiZ4e173aM9SYfNk/view"", IMAGE(""https://api.qrserver.com/v1/create-qr-code/?size=150x150&data=https://docs.google.com/presentation/d/1Fb0zIdgKqJpwHTddwodKrX7YSvAoiZ4e173aM9SYfNk/view"",1))",https://docs.google.com/presentation/d/1Fb0zIdgKqJpwHTddwodKrX7YSvAoiZ4e173aM9SYfNk/view,"=HYPERLINK(""https://docs.google.com/presentation/d/1Fb0zIdgKqJpwHTddwodKrX7YSvAoiZ4e173aM9SYfNk/edit?usp=sharing"",""AI photo booth rental Beverly Hills"")",,
presentation html,AI photo booth rental Beverly Hills html,"=HYPERLINK(""https://docs.google.com/presentation/d/1Fb0zIdgKqJpwHTddwodKrX7YSvAoiZ4e173aM9SYfNk/htmlpresent"", IMAGE(""https://api.qrserver.com/v1/create-qr-code/?size=150x150&data=https://docs.google.com/presentation/d/1Fb0zIdgKqJpwHTddwodKrX7YSvAoiZ4e173aM9SYfNk/htmlpresent"",1))",https://docs.google.com/presentation/d/1Fb0zIdgKqJpwHTddwodKrX7YSvAoiZ4e173aM9SYfNk/htmlpresent,"=HYPERLINK(""https://docs.google.com/presentation/d/1Fb0zIdgKqJpwHTddwodKrX7YSvAoiZ4e173aM9SYfNk/edit?usp=sharing"",""AI photo booth rental Beverly Hills"")",,
calendar,Calendar - AI photo booth rental Beverly Hills,"=HYPERLINK(""https://calendar.google.com/calendar/embed?src=58b7691cd66814d45fe5e5d0eac261759463fcff7424e6a1e77e3560ff844a36@group.calendar.google.com"", IMAGE(""https://api.qrserver.com/v1/create-qr-code/?size=150x150&data=https://calendar.google.com/calendar/embed?src=58b7691cd66814d45fe5e5d0eac261759463fcff7424e6a1e77e3560ff844a36@group.calendar.google.com"",1))",https://calendar.google.com/calendar/embed?src=58b7691cd66814d45fe5e5d0eac261759463fcff7424e6a1e77e3560ff844a36@group.calendar.google.com,"=HYPERLINK(""https://calendar.google.com/calendar/embed?src=58b7691cd66814d45fe5e5d0eac261759463fcff7424e6a1e77e3560ff844a36@group.calendar.google.com"",""AI photo booth rental Beverly Hills"")",,
Calendar - All Day Event,Calendar - AI photo booth rental Beverly Hills - Event,"=HYPERLINK(""https://www.google.com/calendar/event?eid=Z3RrZm9tamtqcm05YjEwNmtraTdzMThvNWMgNThiNzY5MWNkNjY4MTRkNDVmZTVlNWQwZWFjMjYxNzU5NDYzZmNmZjc0MjRlNmExZTc3ZTM1NjBmZjg0NGEzNkBncm91cC5jYWxlbmRhci5nb29nbGUuY29t"", IMAGE(""https://api.qrserver.com/v1/create-qr-code/?size=150x150&data=https://www.google.com/calendar/event?eid=Z3RrZm9tamtqcm05YjEwNmtraTdzMThvNWMgNThiNzY5MWNkNjY4MTRkNDVmZTVlNWQwZWFjMjYxNzU5NDYzZmNmZjc0MjRlNmExZTc3ZTM1NjBmZjg0NGEzNkBncm91cC5jYWxlbmRhci5nb29nbGUuY29t"",1))",https://www.google.com/calendar/event?eid=Z3RrZm9tamtqcm05YjEwNmtraTdzMThvNWMgNThiNzY5MWNkNjY4MTRkNDVmZTVlNWQwZWFjMjYxNzU5NDYzZmNmZjc0MjRlNmExZTc3ZTM1NjBmZjg0NGEzNkBncm91cC5jYWxlbmRhci5nb29nbGUuY29t,"=HYPERLINK(""https://www.google.com/calendar/event?eid=Z3RrZm9tamtqcm05YjEwNmtraTdzMThvNWMgNThiNzY5MWNkNjY4MTRkNDVmZTVlNWQwZWFjMjYxNzU5NDYzZmNmZjc0MjRlNmExZTc3ZTM1NjBmZjg0NGEzNkBncm91cC5jYWxlbmRhci5nb29nbGUuY29t"",""AI photo booth rental Beverly Hills"")",,
Calendar - All Day Event,Calendar - AI photo booth rental Beverly Hills - Event,"=HYPERLINK(""https://www.google.com/calendar/event?eid=bzlsODIycmthaWY4MTJiMGhpbzNycHIyMjQgNThiNzY5MWNkNjY4MTRkNDVmZTVlNWQwZWFjMjYxNzU5NDYzZmNmZjc0MjRlNmExZTc3ZTM1NjBmZjg0NGEzNkBncm91cC5jYWxlbmRhci5nb29nbGUuY29t"", IMAGE(""https://api.qrserver.com/v1/create-qr-code/?size=150x150&data=https://www.google.com/calendar/event?eid=bzlsODIycmthaWY4MTJiMGhpbzNycHIyMjQgNThiNzY5MWNkNjY4MTRkNDVmZTVlNWQwZWFjMjYxNzU5NDYzZmNmZjc0MjRlNmExZTc3ZTM1NjBmZjg0NGEzNkBncm91cC5jYWxlbmRhci5nb29nbGUuY29t"",1))",https://www.google.com/calendar/event?eid=bzlsODIycmthaWY4MTJiMGhpbzNycHIyMjQgNThiNzY5MWNkNjY4MTRkNDVmZTVlNWQwZWFjMjYxNzU5NDYzZmNmZjc0MjRlNmExZTc3ZTM1NjBmZjg0NGEzNkBncm91cC5jYWxlbmRhci5nb29nbGUuY29t,"=HYPERLINK(""https://www.google.com/calendar/event?eid=bzlsODIycmthaWY4MTJiMGhpbzNycHIyMjQgNThiNzY5MWNkNjY4MTRkNDVmZTVlNWQwZWFjMjYxNzU5NDYzZmNmZjc0MjRlNmExZTc3ZTM1NjBmZjg0NGEzNkBncm91cC5jYWxlbmRhci5nb29nbGUuY29t"",""AI photo booth rental Beverly Hills"")",,
Calendar - All Day Event,Calendar - AI photo booth rental Beverly Hills - Event,"=HYPERLINK(""https://www.google.com/calendar/event?eid=ZmFtY2pkNXNkZXVpanNkaGkyaGR1ZmZ0dTQgNThiNzY5MWNkNjY4MTRkNDVmZTVlNWQwZWFjMjYxNzU5NDYzZmNmZjc0MjRlNmExZTc3ZTM1NjBmZjg0NGEzNkBncm91cC5jYWxlbmRhci5nb29nbGUuY29t"", IMAGE(""https://api.qrserver.com/v1/create-qr-code/?size=150x150&data=https://www.google.com/calendar/event?eid=ZmFtY2pkNXNkZXVpanNkaGkyaGR1ZmZ0dTQgNThiNzY5MWNkNjY4MTRkNDVmZTVlNWQwZWFjMjYxNzU5NDYzZmNmZjc0MjRlNmExZTc3ZTM1NjBmZjg0NGEzNkBncm91cC5jYWxlbmRhci5nb29nbGUuY29t"",1))",https://www.google.com/calendar/event?eid=ZmFtY2pkNXNkZXVpanNkaGkyaGR1ZmZ0dTQgNThiNzY5MWNkNjY4MTRkNDVmZTVlNWQwZWFjMjYxNzU5NDYzZmNmZjc0MjRlNmExZTc3ZTM1NjBmZjg0NGEzNkBncm91cC5jYWxlbmRhci5nb29nbGUuY29t,"=HYPERLINK(""https://www.google.com/calendar/event?eid=ZmFtY2pkNXNkZXVpanNkaGkyaGR1ZmZ0dTQgNThiNzY5MWNkNjY4MTRkNDVmZTVlNWQwZWFjMjYxNzU5NDYzZmNmZjc0MjRlNmExZTc3ZTM1NjBmZjg0NGEzNkBncm91cC5jYWxlbmRhci5nb29nbGUuY29t"",""AI photo booth rental Beverly Hills"")",,
Calendar - All Day Event,Calendar - AI photo booth rental Beverly Hills - Event,"=HYPERLINK(""https://www.google.com/calendar/event?eid=YWZtMTE3bHAybnB2YXJkcmV0dDVlMXVvZ2sgNThiNzY5MWNkNjY4MTRkNDVmZTVlNWQwZWFjMjYxNzU5NDYzZmNmZjc0MjRlNmExZTc3ZTM1NjBmZjg0NGEzNkBncm91cC5jYWxlbmRhci5nb29nbGUuY29t"", IMAGE(""https://api.qrserver.com/v1/create-qr-code/?size=150x150&data=https://www.google.com/calendar/event?eid=YWZtMTE3bHAybnB2YXJkcmV0dDVlMXVvZ2sgNThiNzY5MWNkNjY4MTRkNDVmZTVlNWQwZWFjMjYxNzU5NDYzZmNmZjc0MjRlNmExZTc3ZTM1NjBmZjg0NGEzNkBncm91cC5jYWxlbmRhci5nb29nbGUuY29t"",1))",https://www.google.com/calendar/event?eid=YWZtMTE3bHAybnB2YXJkcmV0dDVlMXVvZ2sgNThiNzY5MWNkNjY4MTRkNDVmZTVlNWQwZWFjMjYxNzU5NDYzZmNmZjc0MjRlNmExZTc3ZTM1NjBmZjg0NGEzNkBncm91cC5jYWxlbmRhci5nb29nbGUuY29t,"=HYPERLINK(""https://www.google.com/calendar/event?eid=YWZtMTE3bHAybnB2YXJkcmV0dDVlMXVvZ2sgNThiNzY5MWNkNjY4MTRkNDVmZTVlNWQwZWFjMjYxNzU5NDYzZmNmZjc0MjRlNmExZTc3ZTM1NjBmZjg0NGEzNkBncm91cC5jYWxlbmRhci5nb29nbGUuY29t"",""AI photo booth rental Beverly Hills"")",,
Calendar - All Day Event,Calendar - AI photo booth rental Beverly Hills - Event,"=HYPERLINK(""https://www.google.com/calendar/event?eid=MzMyNWo0bjhpczBtZDZzcWQyM2IzMzNzdDQgNThiNzY5MWNkNjY4MTRkNDVmZTVlNWQwZWFjMjYxNzU5NDYzZmNmZjc0MjRlNmExZTc3ZTM1NjBmZjg0NGEzNkBncm91cC5jYWxlbmRhci5nb29nbGUuY29t"", IMAGE(""https://api.qrserver.com/v1/create-qr-code/?size=150x150&data=https://www.google.com/calendar/event?eid=MzMyNWo0bjhpczBtZDZzcWQyM2IzMzNzdDQgNThiNzY5MWNkNjY4MTRkNDVmZTVlNWQwZWFjMjYxNzU5NDYzZmNmZjc0MjRlNmExZTc3ZTM1NjBmZjg0NGEzNkBncm91cC5jYWxlbmRhci5nb29nbGUuY29t"",1))",https://www.google.com/calendar/event?eid=MzMyNWo0bjhpczBtZDZzcWQyM2IzMzNzdDQgNThiNzY5MWNkNjY4MTRkNDVmZTVlNWQwZWFjMjYxNzU5NDYzZmNmZjc0MjRlNmExZTc3ZTM1NjBmZjg0NGEzNkBncm91cC5jYWxlbmRhci5nb29nbGUuY29t,"=HYPERLINK(""https://www.google.com/calendar/event?eid=MzMyNWo0bjhpczBtZDZzcWQyM2IzMzNzdDQgNThiNzY5MWNkNjY4MTRkNDVmZTVlNWQwZWFjMjYxNzU5NDYzZmNmZjc0MjRlNmExZTc3ZTM1NjBmZjg0NGEzNkBncm91cC5jYWxlbmRhci5nb29nbGUuY29t"",""AI photo booth rental Beverly Hills"")",,
Calendar - All Day Event,Calendar - AI photo booth rental Beverly Hills - Event,"=HYPERLINK(""https://www.google.com/calendar/event?eid=ZWphcWJ2czZwaHZ0bDhvbHRhZTVlamxrYjAgNThiNzY5MWNkNjY4MTRkNDVmZTVlNWQwZWFjMjYxNzU5NDYzZmNmZjc0MjRlNmExZTc3ZTM1NjBmZjg0NGEzNkBncm91cC5jYWxlbmRhci5nb29nbGUuY29t"", IMAGE(""https://api.qrserver.com/v1/create-qr-code/?size=150x150&data=https://www.google.com/calendar/event?eid=ZWphcWJ2czZwaHZ0bDhvbHRhZTVlamxrYjAgNThiNzY5MWNkNjY4MTRkNDVmZTVlNWQwZWFjMjYxNzU5NDYzZmNmZjc0MjRlNmExZTc3ZTM1NjBmZjg0NGEzNkBncm91cC5jYWxlbmRhci5nb29nbGUuY29t"",1))",https://www.google.com/calendar/event?eid=ZWphcWJ2czZwaHZ0bDhvbHRhZTVlamxrYjAgNThiNzY5MWNkNjY4MTRkNDVmZTVlNWQwZWFjMjYxNzU5NDYzZmNmZjc0MjRlNmExZTc3ZTM1NjBmZjg0NGEzNkBncm91cC5jYWxlbmRhci5nb29nbGUuY29t,"=HYPERLINK(""https://www.google.com/calendar/event?eid=ZWphcWJ2czZwaHZ0bDhvbHRhZTVlamxrYjAgNThiNzY5MWNkNjY4MTRkNDVmZTVlNWQwZWFjMjYxNzU5NDYzZmNmZjc0MjRlNmExZTc3ZTM1NjBmZjg0NGEzNkBncm91cC5jYWxlbmRhci5nb29nbGUuY29t"",""AI photo booth rental Beverly Hills"")",,
Calendar - All Day Event,Calendar - AI photo booth rental Beverly Hills - Event,"=HYPERLINK(""https://www.google.com/calendar/event?eid=MXJtOTZwdTJmNHY2bWp1OWhkdHFvamFhYmsgNThiNzY5MWNkNjY4MTRkNDVmZTVlNWQwZWFjMjYxNzU5NDYzZmNmZjc0MjRlNmExZTc3ZTM1NjBmZjg0NGEzNkBncm91cC5jYWxlbmRhci5nb29nbGUuY29t"", IMAGE(""https://api.qrserver.com/v1/create-qr-code/?size=150x150&data=https://www.google.com/calendar/event?eid=MXJtOTZwdTJmNHY2bWp1OWhkdHFvamFhYmsgNThiNzY5MWNkNjY4MTRkNDVmZTVlNWQwZWFjMjYxNzU5NDYzZmNmZjc0MjRlNmExZTc3ZTM1NjBmZjg0NGEzNkBncm91cC5jYWxlbmRhci5nb29nbGUuY29t"",1))",https://www.google.com/calendar/event?eid=MXJtOTZwdTJmNHY2bWp1OWhkdHFvamFhYmsgNThiNzY5MWNkNjY4MTRkNDVmZTVlNWQwZWFjMjYxNzU5NDYzZmNmZjc0MjRlNmExZTc3ZTM1NjBmZjg0NGEzNkBncm91cC5jYWxlbmRhci5nb29nbGUuY29t,"=HYPERLINK(""https://www.google.com/calendar/event?eid=MXJtOTZwdTJmNHY2bWp1OWhkdHFvamFhYmsgNThiNzY5MWNkNjY4MTRkNDVmZTVlNWQwZWFjMjYxNzU5NDYzZmNmZjc0MjRlNmExZTc3ZTM1NjBmZjg0NGEzNkBncm91cC5jYWxlbmRhci5nb29nbGUuY29t"",""AI photo booth rental Beverly Hills"")",,
Calendar - All Day Event,Calendar - AI photo booth rental Beverly Hills - Event,"=HYPERLINK(""https://www.google.com/calendar/event?eid=dHByYnNhcjFmbmk3ODQ4OGZja21mYnMzOTAgNThiNzY5MWNkNjY4MTRkNDVmZTVlNWQwZWFjMjYxNzU5NDYzZmNmZjc0MjRlNmExZTc3ZTM1NjBmZjg0NGEzNkBncm91cC5jYWxlbmRhci5nb29nbGUuY29t"", IMAGE(""https://api.qrserver.com/v1/create-qr-code/?size=150x150&data=https://www.google.com/calendar/event?eid=dHByYnNhcjFmbmk3ODQ4OGZja21mYnMzOTAgNThiNzY5MWNkNjY4MTRkNDVmZTVlNWQwZWFjMjYxNzU5NDYzZmNmZjc0MjRlNmExZTc3ZTM1NjBmZjg0NGEzNkBncm91cC5jYWxlbmRhci5nb29nbGUuY29t"",1))",https://www.google.com/calendar/event?eid=dHByYnNhcjFmbmk3ODQ4OGZja21mYnMzOTAgNThiNzY5MWNkNjY4MTRkNDVmZTVlNWQwZWFjMjYxNzU5NDYzZmNmZjc0MjRlNmExZTc3ZTM1NjBmZjg0NGEzNkBncm91cC5jYWxlbmRhci5nb29nbGUuY29t,"=HYPERLINK(""https://www.google.com/calendar/event?eid=dHByYnNhcjFmbmk3ODQ4OGZja21mYnMzOTAgNThiNzY5MWNkNjY4MTRkNDVmZTVlNWQwZWFjMjYxNzU5NDYzZmNmZjc0MjRlNmExZTc3ZTM1NjBmZjg0NGEzNkBncm91cC5jYWxlbmRhci5nb29nbGUuY29t"",""AI photo booth rental Beverly Hills"")",,
Calendar - All Day Event,Calendar - AI photo booth rental Beverly Hills - Event,"=HYPERLINK(""https://www.google.com/calendar/event?eid=cGNzamZxb2FhcDZ1bGNucXNqa2JhdWR0MTggNThiNzY5MWNkNjY4MTRkNDVmZTVlNWQwZWFjMjYxNzU5NDYzZmNmZjc0MjRlNmExZTc3ZTM1NjBmZjg0NGEzNkBncm91cC5jYWxlbmRhci5nb29nbGUuY29t"", IMAGE(""https://api.qrserver.com/v1/create-qr-code/?size=150x150&data=https://www.google.com/calendar/event?eid=cGNzamZxb2FhcDZ1bGNucXNqa2JhdWR0MTggNThiNzY5MWNkNjY4MTRkNDVmZTVlNWQwZWFjMjYxNzU5NDYzZmNmZjc0MjRlNmExZTc3ZTM1NjBmZjg0NGEzNkBncm91cC5jYWxlbmRhci5nb29nbGUuY29t"",1))",https://www.google.com/calendar/event?eid=cGNzamZxb2FhcDZ1bGNucXNqa2JhdWR0MTggNThiNzY5MWNkNjY4MTRkNDVmZTVlNWQwZWFjMjYxNzU5NDYzZmNmZjc0MjRlNmExZTc3ZTM1NjBmZjg0NGEzNkBncm91cC5jYWxlbmRhci5nb29nbGUuY29t,"=HYPERLINK(""https://www.google.com/calendar/event?eid=cGNzamZxb2FhcDZ1bGNucXNqa2JhdWR0MTggNThiNzY5MWNkNjY4MTRkNDVmZTVlNWQwZWFjMjYxNzU5NDYzZmNmZjc0MjRlNmExZTc3ZTM1NjBmZjg0NGEzNkBncm91cC5jYWxlbmRhci5nb29nbGUuY29t"",""AI photo booth rental Beverly Hills"")",,
Calendar - All Day Event,Calendar - AI photo booth rental Beverly Hills - Event,"=HYPERLINK(""https://www.google.com/calendar/event?eid=MXBxOW83cGVlYzAzcjY0bHR1djFlaWFjbmMgNThiNzY5MWNkNjY4MTRkNDVmZTVlNWQwZWFjMjYxNzU5NDYzZmNmZjc0MjRlNmExZTc3ZTM1NjBmZjg0NGEzNkBncm91cC5jYWxlbmRhci5nb29nbGUuY29t"", IMAGE(""https://api.qrserver.com/v1/create-qr-code/?size=150x150&data=https://www.google.com/calendar/event?eid=MXBxOW83cGVlYzAzcjY0bHR1djFlaWFjbmMgNThiNzY5MWNkNjY4MTRkNDVmZTVlNWQwZWFjMjYxNzU5NDYzZmNmZjc0MjRlNmExZTc3ZTM1NjBmZjg0NGEzNkBncm91cC5jYWxlbmRhci5nb29nbGUuY29t"",1))",https://www.google.com/calendar/event?eid=MXBxOW83cGVlYzAzcjY0bHR1djFlaWFjbmMgNThiNzY5MWNkNjY4MTRkNDVmZTVlNWQwZWFjMjYxNzU5NDYzZmNmZjc0MjRlNmExZTc3ZTM1NjBmZjg0NGEzNkBncm91cC5jYWxlbmRhci5nb29nbGUuY29t,"=HYPERLINK(""https://www.google.com/calendar/event?eid=MXBxOW83cGVlYzAzcjY0bHR1djFlaWFjbmMgNThiNzY5MWNkNjY4MTRkNDVmZTVlNWQwZWFjMjYxNzU5NDYzZmNmZjc0MjRlNmExZTc3ZTM1NjBmZjg0NGEzNkBncm91cC5jYWxlbmRhci5nb29nbGUuY29t"",""AI photo booth rental Beverly Hills"")",,
Calendar - All Day Event,Calendar - AI photo booth rental Beverly Hills - Event,"=HYPERLINK(""https://www.google.com/calendar/event?eid=OWkwN3RvODB1bG91MGVwcDA2MTFpdDNvajggNThiNzY5MWNkNjY4MTRkNDVmZTVlNWQwZWFjMjYxNzU5NDYzZmNmZjc0MjRlNmExZTc3ZTM1NjBmZjg0NGEzNkBncm91cC5jYWxlbmRhci5nb29nbGUuY29t"", IMAGE(""https://api.qrserver.com/v1/create-qr-code/?size=150x150&data=https://www.google.com/calendar/event?eid=OWkwN3RvODB1bG91MGVwcDA2MTFpdDNvajggNThiNzY5MWNkNjY4MTRkNDVmZTVlNWQwZWFjMjYxNzU5NDYzZmNmZjc0MjRlNmExZTc3ZTM1NjBmZjg0NGEzNkBncm91cC5jYWxlbmRhci5nb29nbGUuY29t"",1))",https://www.google.com/calendar/event?eid=OWkwN3RvODB1bG91MGVwcDA2MTFpdDNvajggNThiNzY5MWNkNjY4MTRkNDVmZTVlNWQwZWFjMjYxNzU5NDYzZmNmZjc0MjRlNmExZTc3ZTM1NjBmZjg0NGEzNkBncm91cC5jYWxlbmRhci5nb29nbGUuY29t,"=HYPERLINK(""https://www.google.com/calendar/event?eid=OWkwN3RvODB1bG91MGVwcDA2MTFpdDNvajggNThiNzY5MWNkNjY4MTRkNDVmZTVlNWQwZWFjMjYxNzU5NDYzZmNmZjc0MjRlNmExZTc3ZTM1NjBmZjg0NGEzNkBncm91cC5jYWxlbmRhci5nb29nbGUuY29t"",""AI photo booth rental Beverly Hills"")",,
Calendar - All Day Event,Calendar - AI photo booth rental Beverly Hills - Event,"=HYPERLINK(""https://www.google.com/calendar/event?eid=YzFtODZxZnN2bmF0Mms5MTZzamgyOGppdGsgNThiNzY5MWNkNjY4MTRkNDVmZTVlNWQwZWFjMjYxNzU5NDYzZmNmZjc0MjRlNmExZTc3ZTM1NjBmZjg0NGEzNkBncm91cC5jYWxlbmRhci5nb29nbGUuY29t"", IMAGE(""https://api.qrserver.com/v1/create-qr-code/?size=150x150&data=https://www.google.com/calendar/event?eid=YzFtODZxZnN2bmF0Mms5MTZzamgyOGppdGsgNThiNzY5MWNkNjY4MTRkNDVmZTVlNWQwZWFjMjYxNzU5NDYzZmNmZjc0MjRlNmExZTc3ZTM1NjBmZjg0NGEzNkBncm91cC5jYWxlbmRhci5nb29nbGUuY29t"",1))",https://www.google.com/calendar/event?eid=YzFtODZxZnN2bmF0Mms5MTZzamgyOGppdGsgNThiNzY5MWNkNjY4MTRkNDVmZTVlNWQwZWFjMjYxNzU5NDYzZmNmZjc0MjRlNmExZTc3ZTM1NjBmZjg0NGEzNkBncm91cC5jYWxlbmRhci5nb29nbGUuY29t,"=HYPERLINK(""https://www.google.com/calendar/event?eid=YzFtODZxZnN2bmF0Mms5MTZzamgyOGppdGsgNThiNzY5MWNkNjY4MTRkNDVmZTVlNWQwZWFjMjYxNzU5NDYzZmNmZjc0MjRlNmExZTc3ZTM1NjBmZjg0NGEzNkBncm91cC5jYWxlbmRhci5nb29nbGUuY29t"",""AI photo booth rental Beverly Hills"")",,
Calendar - All Day Event,Calendar - AI photo booth rental Beverly Hills - Event,"=HYPERLINK(""https://www.google.com/calendar/event?eid=dTQ5NXNnbTQza2RsOXZoaWU1ZTQxZXE4c2cgNThiNzY5MWNkNjY4MTRkNDVmZTVlNWQwZWFjMjYxNzU5NDYzZmNmZjc0MjRlNmExZTc3ZTM1NjBmZjg0NGEzNkBncm91cC5jYWxlbmRhci5nb29nbGUuY29t"", IMAGE(""https://api.qrserver.com/v1/create-qr-code/?size=150x150&data=https://www.google.com/calendar/event?eid=dTQ5NXNnbTQza2RsOXZoaWU1ZTQxZXE4c2cgNThiNzY5MWNkNjY4MTRkNDVmZTVlNWQwZWFjMjYxNzU5NDYzZmNmZjc0MjRlNmExZTc3ZTM1NjBmZjg0NGEzNkBncm91cC5jYWxlbmRhci5nb29nbGUuY29t"",1))",https://www.google.com/calendar/event?eid=dTQ5NXNnbTQza2RsOXZoaWU1ZTQxZXE4c2cgNThiNzY5MWNkNjY4MTRkNDVmZTVlNWQwZWFjMjYxNzU5NDYzZmNmZjc0MjRlNmExZTc3ZTM1NjBmZjg0NGEzNkBncm91cC5jYWxlbmRhci5nb29nbGUuY29t,"=HYPERLINK(""https://www.google.com/calendar/event?eid=dTQ5NXNnbTQza2RsOXZoaWU1ZTQxZXE4c2cgNThiNzY5MWNkNjY4MTRkNDVmZTVlNWQwZWFjMjYxNzU5NDYzZmNmZjc0MjRlNmExZTc3ZTM1NjBmZjg0NGEzNkBncm91cC5jYWxlbmRhci5nb29nbGUuY29t"",""AI photo booth rental Beverly Hills"")",,
Calendar - All Day Event,Calendar - AI photo booth rental Beverly Hills - Event,"=HYPERLINK(""https://www.google.com/calendar/event?eid=ZHQ3a2xhZnFpaWx0ZW84dTc3dWp0dnM5MTggNThiNzY5MWNkNjY4MTRkNDVmZTVlNWQwZWFjMjYxNzU5NDYzZmNmZjc0MjRlNmExZTc3ZTM1NjBmZjg0NGEzNkBncm91cC5jYWxlbmRhci5nb29nbGUuY29t"", IMAGE(""https://api.qrserver.com/v1/create-qr-code/?size=150x150&data=https://www.google.com/calendar/event?eid=ZHQ3a2xhZnFpaWx0ZW84dTc3dWp0dnM5MTggNThiNzY5MWNkNjY4MTRkNDVmZTVlNWQwZWFjMjYxNzU5NDYzZmNmZjc0MjRlNmExZTc3ZTM1NjBmZjg0NGEzNkBncm91cC5jYWxlbmRhci5nb29nbGUuY29t"",1))",https://www.google.com/calendar/event?eid=ZHQ3a2xhZnFpaWx0ZW84dTc3dWp0dnM5MTggNThiNzY5MWNkNjY4MTRkNDVmZTVlNWQwZWFjMjYxNzU5NDYzZmNmZjc0MjRlNmExZTc3ZTM1NjBmZjg0NGEzNkBncm91cC5jYWxlbmRhci5nb29nbGUuY29t,"=HYPERLINK(""https://www.google.com/calendar/event?eid=ZHQ3a2xhZnFpaWx0ZW84dTc3dWp0dnM5MTggNThiNzY5MWNkNjY4MTRkNDVmZTVlNWQwZWFjMjYxNzU5NDYzZmNmZjc0MjRlNmExZTc3ZTM1NjBmZjg0NGEzNkBncm91cC5jYWxlbmRhci5nb29nbGUuY29t"",""AI photo booth rental Beverly Hills"")",,
Calendar - All Day Event,Calendar - AI photo booth rental Beverly Hills - Event,"=HYPERLINK(""https://www.google.com/calendar/event?eid=ajZkcjJhbTdsa2Zmam1vaG5wbnZjYmZrbGMgNThiNzY5MWNkNjY4MTRkNDVmZTVlNWQwZWFjMjYxNzU5NDYzZmNmZjc0MjRlNmExZTc3ZTM1NjBmZjg0NGEzNkBncm91cC5jYWxlbmRhci5nb29nbGUuY29t"", IMAGE(""https://api.qrserver.com/v1/create-qr-code/?size=150x150&data=https://www.google.com/calendar/event?eid=ajZkcjJhbTdsa2Zmam1vaG5wbnZjYmZrbGMgNThiNzY5MWNkNjY4MTRkNDVmZTVlNWQwZWFjMjYxNzU5NDYzZmNmZjc0MjRlNmExZTc3ZTM1NjBmZjg0NGEzNkBncm91cC5jYWxlbmRhci5nb29nbGUuY29t"",1))",https://www.google.com/calendar/event?eid=ajZkcjJhbTdsa2Zmam1vaG5wbnZjYmZrbGMgNThiNzY5MWNkNjY4MTRkNDVmZTVlNWQwZWFjMjYxNzU5NDYzZmNmZjc0MjRlNmExZTc3ZTM1NjBmZjg0NGEzNkBncm91cC5jYWxlbmRhci5nb29nbGUuY29t,"=HYPERLINK(""https://www.google.com/calendar/event?eid=ajZkcjJhbTdsa2Zmam1vaG5wbnZjYmZrbGMgNThiNzY5MWNkNjY4MTRkNDVmZTVlNWQwZWFjMjYxNzU5NDYzZmNmZjc0MjRlNmExZTc3ZTM1NjBmZjg0NGEzNkBncm91cC5jYWxlbmRhci5nb29nbGUuY29t"",""AI photo booth rental Beverly Hills"")",,
video,AI photo booth rental Beverly Hills,"=HYPERLINK(""https://youtu.be/3AjCF0_H6pI"", IMAGE(""https://api.qrserver.com/v1/create-qr-code/?size=150x150&data=https://youtu.be/3AjCF0_H6pI"",1))",https://youtu.be/3AjCF0_H6pI,"=HYPERLINK(""https://youtu.be/3AjCF0_H6pI"",""AI photo booth rental Beverly Hills"")",,
video,AI photo booth rental Beverly Hills,"=HYPERLINK(""https://youtu.be/yD1Nwl2R0O4"", IMAGE(""https://api.qrserver.com/v1/create-qr-code/?size=150x150&data=https://youtu.be/yD1Nwl2R0O4"",1))",https://youtu.be/yD1Nwl2R0O4,"=HYPERLINK(""https://youtu.be/yD1Nwl2R0O4"",""AI photo booth rental Beverly Hills"")",,
video,AI photo booth rental Beverly Hills,"=HYPERLINK(""https://youtu.be/WWlZX-7fMis"", IMAGE(""https://api.qrserver.com/v1/create-qr-code/?size=150x150&data=https://youtu.be/WWlZX-7fMis"",1))",https://youtu.be/WWlZX-7fMis,"=HYPERLINK(""https://youtu.be/WWlZX-7fMis"",""AI photo booth rental Beverly Hills"")",,
video,AI photo booth rental Beverly Hills,"=HYPERLINK(""https://youtu.be/uceVMj8rYks"", IMAGE(""https://api.qrserver.com/v1/create-qr-code/?size=150x150&data=https://youtu.be/uceVMj8rYks"",1))",https://youtu.be/uceVMj8rYks,"=HYPERLINK(""https://youtu.be/uceVMj8rYks"",""AI photo booth rental Beverly Hills"")",,
video,AI photo booth rental Beverly Hills,"=HYPERLINK(""https://youtu.be/5m1UqrkL-Qs"", IMAGE(""https://api.qrserver.com/v1/create-qr-code/?size=150x150&data=https://youtu.be/5m1UqrkL-Qs"",1))",https://youtu.be/5m1UqrkL-Qs,"=HYPERLINK(""https://youtu.be/5m1UqrkL-Qs"",""AI photo booth rental Beverly Hills"")",,
sheet,Sheet1,"=HYPERLINK(""https://docs.google.com/spreadsheets/d/1ZMklFZyEuIHR1PjkNuNi0u0tT0L3ewprw6NahFPKh30/edit#gid=0"", IMAGE(""https://api.qrserver.com/v1/create-qr-code/?size=150x150&data=https://docs.google.com/spreadsheets/d/1ZMklFZyEuIHR1PjkNuNi0u0tT0L3ewprw6NahFPKh30/edit#gid=0"",1))",https://docs.google.com/spreadsheets/d/1ZMklFZyEuIHR1PjkNuNi0u0tT0L3ewprw6NahFPKh30/edit#gid=0,"=HYPERLINK(""https://docs.google.com/spreadsheets/d/1ZMklFZyEuIHR1PjkNuNi0u0tT0L3ewprw6NahFPKh30/edit#gid=0"",""AI photo booth rental Beverly Hills Sheet1"")",,
sheet,Keywords,"=HYPERLINK(""https://docs.google.com/spreadsheets/d/1ZMklFZyEuIHR1PjkNuNi0u0tT0L3ewprw6NahFPKh30/edit#gid=137757786"", IMAGE(""https://api.qrserver.com/v1/create-qr-code/?size=150x150&data=https://docs.google.com/spreadsheets/d/1ZMklFZyEuIHR1PjkNuNi0u0tT0L3ewprw6NahFPKh30/edit#gid=137757786"",1))",https://docs.google.com/spreadsheets/d/1ZMklFZyEuIHR1PjkNuNi0u0tT0L3ewprw6NahFPKh30/edit#gid=137757786,"=HYPERLINK(""https://docs.google.com/spreadsheets/d/1ZMklFZyEuIHR1PjkNuNi0u0tT0L3ewprw6NahFPKh30/edit#gid=137757786"",""AI photo booth rental Beverly Hills Keywords"")",,
sheet,Content,"=HYPERLINK(""https://docs.google.com/spreadsheets/d/1ZMklFZyEuIHR1PjkNuNi0u0tT0L3ewprw6NahFPKh30/edit#gid=2144208812"", IMAGE(""https://api.qrserver.com/v1/create-qr-code/?size=150x150&data=https://docs.google.com/spreadsheets/d/1ZMklFZyEuIHR1PjkNuNi0u0tT0L3ewprw6NahFPKh30/edit#gid=2144208812"",1))",https://docs.google.com/spreadsheets/d/1ZMklFZyEuIHR1PjkNuNi0u0tT0L3ewprw6NahFPKh30/edit#gid=2144208812,"=HYPERLINK(""https://docs.google.com/spreadsheets/d/1ZMklFZyEuIHR1PjkNuNi0u0tT0L3ewprw6NahFPKh30/edit#gid=2144208812"",""AI photo booth rental Beverly Hills Content"")",,
sheet,Calendar Events,"=HYPERLINK(""https://docs.google.com/spreadsheets/d/1ZMklFZyEuIHR1PjkNuNi0u0tT0L3ewprw6NahFPKh30/edit#gid=1606879698"", IMAGE(""https://api.qrserver.com/v1/create-qr-code/?size=150x150&data=https://docs.google.com/spreadsheets/d/1ZMklFZyEuIHR1PjkNuNi0u0tT0L3ewprw6NahFPKh30/edit#gid=1606879698"",1))",https://docs.google.com/spreadsheets/d/1ZMklFZyEuIHR1PjkNuNi0u0tT0L3ewprw6NahFPKh30/edit#gid=1606879698,"=HYPERLINK(""https://docs.google.com/spreadsheets/d/1ZMklFZyEuIHR1PjkNuNi0u0tT0L3ewprw6NahFPKh30/edit#gid=1606879698"",""AI photo booth rental Beverly Hills Calendar Events"")",,
sheet,RSS Feeds,"=HYPERLINK(""https://docs.google.com/spreadsheets/d/1ZMklFZyEuIHR1PjkNuNi0u0tT0L3ewprw6NahFPKh30/edit#gid=2057559773"", IMAGE(""https://api.qrserver.com/v1/create-qr-code/?size=150x150&data=https://docs.google.com/spreadsheets/d/1ZMklFZyEuIHR1PjkNuNi0u0tT0L3ewprw6NahFPKh30/edit#gid=2057559773"",1))",https://docs.google.com/spreadsheets/d/1ZMklFZyEuIHR1PjkNuNi0u0tT0L3ewprw6NahFPKh30/edit#gid=2057559773,"=HYPERLINK(""https://docs.google.com/spreadsheets/d/1ZMklFZyEuIHR1PjkNuNi0u0tT0L3ewprw6NahFPKh30/edit#gid=2057559773"",""AI photo booth rental Beverly Hills RSS Feeds"")",,
