All Day Event,https://www.google.com/calendar/event?eid=bmlwYmJrMXFlbGI1ZzJ1dHBsZHBlMHQ3ZjggZjE4MDFkOGFmYTkyYmQzNThlNjFhMWY2YWMzZWI3ZTk4OWUwODk3NjM3YmE5OWNmYjE1YzY1NDc5NGE5MTIxOEBncm91cC5jYWxlbmRhci5nb29nbGUuY29t
All Day Event,https://www.google.com/calendar/event?eid=YWp0c28xNmljcXVlOTg0M2pvams0amRtcW8gZjE4MDFkOGFmYTkyYmQzNThlNjFhMWY2YWMzZWI3ZTk4OWUwODk3NjM3YmE5OWNmYjE1YzY1NDc5NGE5MTIxOEBncm91cC5jYWxlbmRhci5nb29nbGUuY29t
All Day Event,https://www.google.com/calendar/event?eid=NzFiaDI2cGE5dWQ0ZXUzc2pqZ3M4c3M3b2cgZjE4MDFkOGFmYTkyYmQzNThlNjFhMWY2YWMzZWI3ZTk4OWUwODk3NjM3YmE5OWNmYjE1YzY1NDc5NGE5MTIxOEBncm91cC5jYWxlbmRhci5nb29nbGUuY29t
All Day Event,https://www.google.com/calendar/event?eid=ajNpZjZoYzBvZTUxcjFibHIyMGd2M2R1NXMgZjE4MDFkOGFmYTkyYmQzNThlNjFhMWY2YWMzZWI3ZTk4OWUwODk3NjM3YmE5OWNmYjE1YzY1NDc5NGE5MTIxOEBncm91cC5jYWxlbmRhci5nb29nbGUuY29t
All Day Event,https://www.google.com/calendar/event?eid=cWo5OTFoMDB0dGJzaW1saTJwbm01ZHU5ZG8gZjE4MDFkOGFmYTkyYmQzNThlNjFhMWY2YWMzZWI3ZTk4OWUwODk3NjM3YmE5OWNmYjE1YzY1NDc5NGE5MTIxOEBncm91cC5jYWxlbmRhci5nb29nbGUuY29t
All Day Event,https://www.google.com/calendar/event?eid=MjE1OG00ZWh0b3FyN2ZybGpwZTUyb201ODQgZjE4MDFkOGFmYTkyYmQzNThlNjFhMWY2YWMzZWI3ZTk4OWUwODk3NjM3YmE5OWNmYjE1YzY1NDc5NGE5MTIxOEBncm91cC5jYWxlbmRhci5nb29nbGUuY29t
All Day Event,https://www.google.com/calendar/event?eid=ajM2dmV0YWVkbHE3Zzh2dDg3MWVkODM2ZGMgZjE4MDFkOGFmYTkyYmQzNThlNjFhMWY2YWMzZWI3ZTk4OWUwODk3NjM3YmE5OWNmYjE1YzY1NDc5NGE5MTIxOEBncm91cC5jYWxlbmRhci5nb29nbGUuY29t
All Day Event,https://www.google.com/calendar/event?eid=N3ZwaWY4YjVkdjFsMGUzcWFxc2dsZ2E5bTAgZjE4MDFkOGFmYTkyYmQzNThlNjFhMWY2YWMzZWI3ZTk4OWUwODk3NjM3YmE5OWNmYjE1YzY1NDc5NGE5MTIxOEBncm91cC5jYWxlbmRhci5nb29nbGUuY29t
All Day Event,https://www.google.com/calendar/event?eid=anBua2VrM3YzNTJoZGNma2d2ZW1laG9vcTQgZjE4MDFkOGFmYTkyYmQzNThlNjFhMWY2YWMzZWI3ZTk4OWUwODk3NjM3YmE5OWNmYjE1YzY1NDc5NGE5MTIxOEBncm91cC5jYWxlbmRhci5nb29nbGUuY29t
All Day Event,https://www.google.com/calendar/event?eid=NXU1bXFsY2Q2bG9jcHFqOWJ0azhnMmZ0c3MgZjE4MDFkOGFmYTkyYmQzNThlNjFhMWY2YWMzZWI3ZTk4OWUwODk3NjM3YmE5OWNmYjE1YzY1NDc5NGE5MTIxOEBncm91cC5jYWxlbmRhci5nb29nbGUuY29t
All Day Event,https://www.google.com/calendar/event?eid=YzU2dTFyNmNncm8zdnM1bDcycWFqYW9ldWMgZjE4MDFkOGFmYTkyYmQzNThlNjFhMWY2YWMzZWI3ZTk4OWUwODk3NjM3YmE5OWNmYjE1YzY1NDc5NGE5MTIxOEBncm91cC5jYWxlbmRhci5nb29nbGUuY29t
All Day Event,https://www.google.com/calendar/event?eid=ZzhuZGRjdHFvazI0Z3ZiYTB2bTRtcGpjMWcgZjE4MDFkOGFmYTkyYmQzNThlNjFhMWY2YWMzZWI3ZTk4OWUwODk3NjM3YmE5OWNmYjE1YzY1NDc5NGE5MTIxOEBncm91cC5jYWxlbmRhci5nb29nbGUuY29t
All Day Event,https://www.google.com/calendar/event?eid=NWNtMGplNTlnc3NlOXB0czhtMGdmdmlhZjAgZjE4MDFkOGFmYTkyYmQzNThlNjFhMWY2YWMzZWI3ZTk4OWUwODk3NjM3YmE5OWNmYjE1YzY1NDc5NGE5MTIxOEBncm91cC5jYWxlbmRhci5nb29nbGUuY29t
All Day Event,https://www.google.com/calendar/event?eid=NXYxaXRoZ2Q0aTJ1bzYycXFkcmdxajN2cGcgZjE4MDFkOGFmYTkyYmQzNThlNjFhMWY2YWMzZWI3ZTk4OWUwODk3NjM3YmE5OWNmYjE1YzY1NDc5NGE5MTIxOEBncm91cC5jYWxlbmRhci5nb29nbGUuY29t
All Day Event,https://www.google.com/calendar/event?eid=cG1rMGRnbG03MTFtYmY5ZGlwb3VyMzNucTQgZjE4MDFkOGFmYTkyYmQzNThlNjFhMWY2YWMzZWI3ZTk4OWUwODk3NjM3YmE5OWNmYjE1YzY1NDc5NGE5MTIxOEBncm91cC5jYWxlbmRhci5nb29nbGUuY29t