keyword,AI photo booth rental near LA,AI photo booth rental near LA,https://sites.google.com/view/ai-face-swap-photo-booth/home
keyword,A.I. Artificial Intelligence photo booth for rent los angeles,A.I. Artificial Intelligence photo booth for rent los angeles,https://drive.google.com/drive/folders/1Y6dlfDFD4gBo7x5vggAWsUQLvTR0iGkZ?usp=sharing
keyword,renting a A.I. Artificial Intelligence photo booth,renting a A.I. Artificial Intelligence photo booth,https://docs.google.com/document/d/1p5t9hrCTZePeBMhgfWInKoV94p6e7l1qx9Tev1FN0Rs/edit?usp=sharing
keyword,A.I. Artificial Intelligence event photo booth,A.I. Artificial Intelligence event photo booth,https://docs.google.com/document/d/1p5t9hrCTZePeBMhgfWInKoV94p6e7l1qx9Tev1FN0Rs/pub
keyword,rent a A.I. Artificial Intelligence photobooth,rent a A.I. Artificial Intelligence photobooth,https://docs.google.com/document/d/1IoSAK_vg8EK7CP5P1YwTSy7Ece6ktAGTJWO1IvZ9S08/edit?usp=sharing
keyword,A.I. Artificial Intelligence photo booth wedding rental,A.I. Artificial Intelligence photo booth wedding rental,https://docs.google.com/document/d/1IoSAK_vg8EK7CP5P1YwTSy7Ece6ktAGTJWO1IvZ9S08/pub
keyword,A.I. Artificial Intelligence photo booths rent,A.I. Artificial Intelligence photo booths rent,https://docs.google.com/document/d/1IoSAK_vg8EK7CP5P1YwTSy7Ece6ktAGTJWO1IvZ9S08/view
keyword,A.I. Artificial Intelligence photo booth for weddings,A.I. Artificial Intelligence photo booth for weddings,https://docs.google.com/document/d/190HRa_VBYnk32oz3cYa29gfgUdLrKc708X2ctb75UFc/edit?usp=sharing
keyword,A.I. Artificial Intelligence photo booth rental Orange County,A.I. Artificial Intelligence photo booth rental Orange County,https://docs.google.com/document/d/190HRa_VBYnk32oz3cYa29gfgUdLrKc708X2ctb75UFc/pub
keyword,A.I. Artificial Intelligence photo booth rentals Orange County,A.I. Artificial Intelligence photo booth rentals Orange County,https://docs.google.com/document/d/190HRa_VBYnk32oz3cYa29gfgUdLrKc708X2ctb75UFc/view
keyword,Artificial Intelligence photobooth rental Orange County,Artificial Intelligence photobooth rental Orange County,https://docs.google.com/document/d/1R4Kb4JauJ_yA0sDo8ItC7EN-a9jFTBBYrsvRJGN8bWk/edit?usp=sharing
keyword,renting a Artificial Intelligence photo booth in Orange County,renting a Artificial Intelligence photo booth in Orange County,https://docs.google.com/document/d/1R4Kb4JauJ_yA0sDo8ItC7EN-a9jFTBBYrsvRJGN8bWk/pub
keyword,rent a Artificial Intelligence photobooth Orange County,rent a Artificial Intelligence photobooth Orange County,https://docs.google.com/document/d/1R4Kb4JauJ_yA0sDo8ItC7EN-a9jFTBBYrsvRJGN8bWk/view
keyword,A.I. photo booth rental package Orange County,A.I. photo booth rental package Orange County,https://docs.google.com/document/d/1PMtm5lERv1s6T-EF7ovY7WfklpVGte9DuMy6mPQ0duE/edit?usp=sharing
keyword,A.I. photobooth for rent Orange County,A.I. photobooth for rent Orange County,https://docs.google.com/document/d/1PMtm5lERv1s6T-EF7ovY7WfklpVGte9DuMy6mPQ0duE/pub
keyword,A.I. photo booths rent Orange County,A.I. photo booths rent Orange County,https://docs.google.com/document/d/1PMtm5lERv1s6T-EF7ovY7WfklpVGte9DuMy6mPQ0duE/view
keyword,renting a A.I. photo booth in Orange County,renting a A.I. photo booth in Orange County,https://docs.google.com/document/d/1B4aJ5ctepmGin23sRDjJKN0evSeFWAJTeHevCuLZ-Ag/edit?usp=sharing
keyword,corporate event A.I. Artificial Intelligence photo booth Orange County,corporate event A.I. Artificial Intelligence photo booth Orange County,https://docs.google.com/document/d/1B4aJ5ctepmGin23sRDjJKN0evSeFWAJTeHevCuLZ-Ag/pub
keyword,A.I. Artificial Intelligence photo booth rental orange county,A.I. Artificial Intelligence photo booth rental orange county,https://docs.google.com/document/d/1B4aJ5ctepmGin23sRDjJKN0evSeFWAJTeHevCuLZ-Ag/view
keyword,wedding A.I. Artificial Intelligence photo booth rental in orange county,wedding A.I. Artificial Intelligence photo booth rental in orange county,https://docs.google.com/document/d/1EeYPv336eBiGNyi8CP15B_V2rUfdPjxOCFX9fy6eiVE/edit?usp=sharing
keyword,A.I. Artificial Intelligence photo booth rental in orange county,A.I. Artificial Intelligence photo booth rental in orange county,https://docs.google.com/document/d/1EeYPv336eBiGNyi8CP15B_V2rUfdPjxOCFX9fy6eiVE/pub