target url,AI photo booth rental near LA,"=HYPERLINK(""https://sites.google.com/view/ai-face-swap-photo-booth/home"", IMAGE(""https://api.qrserver.com/v1/create-qr-code/?size=150x150&data=https://sites.google.com/view/ai-face-swap-photo-booth/home"",1))",https://sites.google.com/view/ai-face-swap-photo-booth/home,"=HYPERLINK(""https://sites.google.com/view/ai-face-swap-photo-booth/home"",""AI photo booth rental near LA"")",,
folder top,AI photo booth rental near LA,"=HYPERLINK(""https://drive.google.com/drive/folders/1LnVDPo7xRozvb_BfFFmtzI5zacLv31LB?usp=sharing"", IMAGE(""https://api.qrserver.com/v1/create-qr-code/?size=150x150&data=https://drive.google.com/drive/folders/1LnVDPo7xRozvb_BfFFmtzI5zacLv31LB?usp=sharing"",1))",https://drive.google.com/drive/folders/1LnVDPo7xRozvb_BfFFmtzI5zacLv31LB?usp=sharing,"=HYPERLINK(""https://drive.google.com/drive/folders/1LnVDPo7xRozvb_BfFFmtzI5zacLv31LB?usp=sharing"",""AI photo booth rental near LA"")",,
rss feed,AI photo booth rental near LA,"=HYPERLINK(""https://news.google.com/rss/search?q=aiphotobooth"", IMAGE(""https://api.qrserver.com/v1/create-qr-code/?size=150x150&data=https://news.google.com/rss/search?q=aiphotobooth"",1))",https://news.google.com/rss/search?q=aiphotobooth,"=HYPERLINK(""https://news.google.com/rss/search?q=aiphotobooth"",""AI photo booth rental near LA"")",,
folder articles,AI photo booth rental near LA Articles,"=HYPERLINK(""https://drive.google.com/drive/folders/1LcIWL6b_Cka9a1V5oePN-K7Ihfp7SPLp?usp=sharing"", IMAGE(""https://api.qrserver.com/v1/create-qr-code/?size=150x150&data=https://drive.google.com/drive/folders/1LcIWL6b_Cka9a1V5oePN-K7Ihfp7SPLp?usp=sharing"",1))",https://drive.google.com/drive/folders/1LcIWL6b_Cka9a1V5oePN-K7Ihfp7SPLp?usp=sharing,"=HYPERLINK(""https://drive.google.com/drive/folders/1LcIWL6b_Cka9a1V5oePN-K7Ihfp7SPLp?usp=sharing"",""AI photo booth rental near LA Articles"")",,
folder photos,AI photo booth rental near LA Photos,"=HYPERLINK(""https://drive.google.com/drive/folders/1TTCICXNgT7xlyeimlxPEKyJ2BSU7SsN8?usp=sharing"", IMAGE(""https://api.qrserver.com/v1/create-qr-code/?size=150x150&data=https://drive.google.com/drive/folders/1TTCICXNgT7xlyeimlxPEKyJ2BSU7SsN8?usp=sharing"",1))",https://drive.google.com/drive/folders/1TTCICXNgT7xlyeimlxPEKyJ2BSU7SsN8?usp=sharing,"=HYPERLINK(""https://drive.google.com/drive/folders/1TTCICXNgT7xlyeimlxPEKyJ2BSU7SsN8?usp=sharing"",""AI photo booth rental near LA Photos"")",,
folder pdfs,AI photo booth rental near LA PDFs,"=HYPERLINK(""https://drive.google.com/drive/folders/1aiJ8BZvmV9AuUnVglwQCLMasiED5kx6e?usp=sharing"", IMAGE(""https://api.qrserver.com/v1/create-qr-code/?size=150x150&data=https://drive.google.com/drive/folders/1aiJ8BZvmV9AuUnVglwQCLMasiED5kx6e?usp=sharing"",1))",https://drive.google.com/drive/folders/1aiJ8BZvmV9AuUnVglwQCLMasiED5kx6e?usp=sharing,"=HYPERLINK(""https://drive.google.com/drive/folders/1aiJ8BZvmV9AuUnVglwQCLMasiED5kx6e?usp=sharing"",""AI photo booth rental near LA PDFs"")",,
folder slides,AI photo booth rental near LA Slides,"=HYPERLINK(""https://drive.google.com/drive/folders/19_HguAFAXmsrbBg4UkxIFJREH7fzxxpI?usp=sharing"", IMAGE(""https://api.qrserver.com/v1/create-qr-code/?size=150x150&data=https://drive.google.com/drive/folders/19_HguAFAXmsrbBg4UkxIFJREH7fzxxpI?usp=sharing"",1))",https://drive.google.com/drive/folders/19_HguAFAXmsrbBg4UkxIFJREH7fzxxpI?usp=sharing,"=HYPERLINK(""https://drive.google.com/drive/folders/19_HguAFAXmsrbBg4UkxIFJREH7fzxxpI?usp=sharing"",""AI photo booth rental near LA Slides"")",,
photo,AI photo booth rental near LA,"=HYPERLINK(""https://drive.google.com/file/d/1S5sjkvMhie1HaZ6IJAtEozK_5kzeiW10/view?usp=sharing"", IMAGE(""https://api.qrserver.com/v1/create-qr-code/?size=150x150&data=https://drive.google.com/file/d/1S5sjkvMhie1HaZ6IJAtEozK_5kzeiW10/view?usp=sharing"",1))",https://drive.google.com/file/d/1S5sjkvMhie1HaZ6IJAtEozK_5kzeiW10/view?usp=sharing,"=HYPERLINK(""https://drive.google.com/file/d/1S5sjkvMhie1HaZ6IJAtEozK_5kzeiW10/view?usp=sharing"",""AI photo booth rental near LA"")",,
photo,AI photo booth rental near LA,"=HYPERLINK(""https://drive.google.com/file/d/1IByJfZTakIptE6tLQpRfFEZJvkhpjvna/view?usp=sharing"", IMAGE(""https://api.qrserver.com/v1/create-qr-code/?size=150x150&data=https://drive.google.com/file/d/1IByJfZTakIptE6tLQpRfFEZJvkhpjvna/view?usp=sharing"",1))",https://drive.google.com/file/d/1IByJfZTakIptE6tLQpRfFEZJvkhpjvna/view?usp=sharing,"=HYPERLINK(""https://drive.google.com/file/d/1IByJfZTakIptE6tLQpRfFEZJvkhpjvna/view?usp=sharing"",""AI photo booth rental near LA"")",,
photo,AI photo booth rental near LA,"=HYPERLINK(""https://drive.google.com/file/d/1mz_u8Q0HMByzzD3CtqVB6w3zXsh9l5I5/view?usp=sharing"", IMAGE(""https://api.qrserver.com/v1/create-qr-code/?size=150x150&data=https://drive.google.com/file/d/1mz_u8Q0HMByzzD3CtqVB6w3zXsh9l5I5/view?usp=sharing"",1))",https://drive.google.com/file/d/1mz_u8Q0HMByzzD3CtqVB6w3zXsh9l5I5/view?usp=sharing,"=HYPERLINK(""https://drive.google.com/file/d/1mz_u8Q0HMByzzD3CtqVB6w3zXsh9l5I5/view?usp=sharing"",""AI photo booth rental near LA"")",,
photo,AI photo booth rental near LA,"=HYPERLINK(""https://drive.google.com/file/d/1sxWDyNqCEoD192P3h713lhTnGEuav7kF/view?usp=sharing"", IMAGE(""https://api.qrserver.com/v1/create-qr-code/?size=150x150&data=https://drive.google.com/file/d/1sxWDyNqCEoD192P3h713lhTnGEuav7kF/view?usp=sharing"",1))",https://drive.google.com/file/d/1sxWDyNqCEoD192P3h713lhTnGEuav7kF/view?usp=sharing,"=HYPERLINK(""https://drive.google.com/file/d/1sxWDyNqCEoD192P3h713lhTnGEuav7kF/view?usp=sharing"",""AI photo booth rental near LA"")",,
spreadsheet,AI photo booth rental near LA,"=HYPERLINK(""https://docs.google.com/spreadsheets/d/1CoWycjykK_PBEP0rubgG6bOSroUMCwf1G9mujzCBbfM/edit?usp=sharing"", IMAGE(""https://api.qrserver.com/v1/create-qr-code/?size=150x150&data=https://docs.google.com/spreadsheets/d/1CoWycjykK_PBEP0rubgG6bOSroUMCwf1G9mujzCBbfM/edit?usp=sharing"",1))",https://docs.google.com/spreadsheets/d/1CoWycjykK_PBEP0rubgG6bOSroUMCwf1G9mujzCBbfM/edit?usp=sharing,"=HYPERLINK(""https://docs.google.com/spreadsheets/d/1CoWycjykK_PBEP0rubgG6bOSroUMCwf1G9mujzCBbfM/edit?usp=sharing"",""AI photo booth rental near LA"")",,
spreadsheet key,AI photo booth rental near LA key,"=HYPERLINK(""https://docs.google.com/spreadsheet/pub?key=1CoWycjykK_PBEP0rubgG6bOSroUMCwf1G9mujzCBbfM"", IMAGE(""https://api.qrserver.com/v1/create-qr-code/?size=150x150&data=https://docs.google.com/spreadsheet/pub?key=1CoWycjykK_PBEP0rubgG6bOSroUMCwf1G9mujzCBbfM"",1))",https://docs.google.com/spreadsheet/pub?key=1CoWycjykK_PBEP0rubgG6bOSroUMCwf1G9mujzCBbfM,"=HYPERLINK(""https://docs.google.com/spreadsheets/d/1CoWycjykK_PBEP0rubgG6bOSroUMCwf1G9mujzCBbfM/edit?usp=sharing"",""AI photo booth rental near LA"")",,
spreadsheet pubhtml,AI photo booth rental near LA pubhtml,"=HYPERLINK(""https://docs.google.com/spreadsheets/d/1CoWycjykK_PBEP0rubgG6bOSroUMCwf1G9mujzCBbfM/pubhtml"", IMAGE(""https://api.qrserver.com/v1/create-qr-code/?size=150x150&data=https://docs.google.com/spreadsheets/d/1CoWycjykK_PBEP0rubgG6bOSroUMCwf1G9mujzCBbfM/pubhtml"",1))",https://docs.google.com/spreadsheets/d/1CoWycjykK_PBEP0rubgG6bOSroUMCwf1G9mujzCBbfM/pubhtml,"=HYPERLINK(""https://docs.google.com/spreadsheets/d/1CoWycjykK_PBEP0rubgG6bOSroUMCwf1G9mujzCBbfM/edit?usp=sharing"",""AI photo booth rental near LA"")",,
spreadsheet pub,AI photo booth rental near LA pub,"=HYPERLINK(""https://docs.google.com/spreadsheets/d/1CoWycjykK_PBEP0rubgG6bOSroUMCwf1G9mujzCBbfM/pub"", IMAGE(""https://api.qrserver.com/v1/create-qr-code/?size=150x150&data=https://docs.google.com/spreadsheets/d/1CoWycjykK_PBEP0rubgG6bOSroUMCwf1G9mujzCBbfM/pub"",1))",https://docs.google.com/spreadsheets/d/1CoWycjykK_PBEP0rubgG6bOSroUMCwf1G9mujzCBbfM/pub,"=HYPERLINK(""https://docs.google.com/spreadsheets/d/1CoWycjykK_PBEP0rubgG6bOSroUMCwf1G9mujzCBbfM/edit?usp=sharing"",""AI photo booth rental near LA"")",,
spreadsheet view,AI photo booth rental near LA view,"=HYPERLINK(""https://docs.google.com/spreadsheets/d/1CoWycjykK_PBEP0rubgG6bOSroUMCwf1G9mujzCBbfM/view"", IMAGE(""https://api.qrserver.com/v1/create-qr-code/?size=150x150&data=https://docs.google.com/spreadsheets/d/1CoWycjykK_PBEP0rubgG6bOSroUMCwf1G9mujzCBbfM/view"",1))",https://docs.google.com/spreadsheets/d/1CoWycjykK_PBEP0rubgG6bOSroUMCwf1G9mujzCBbfM/view,"=HYPERLINK(""https://docs.google.com/spreadsheets/d/1CoWycjykK_PBEP0rubgG6bOSroUMCwf1G9mujzCBbfM/edit?usp=sharing"",""AI photo booth rental near LA"")",,
form,AI photo booth rental near LA,"=HYPERLINK(""https://docs.google.com/forms/d/1U0Ge_AUHoD_UrfZwBcU9PawAl3xKmc9aWlU0aNo9ifk/edit?usp=sharing"", IMAGE(""https://api.qrserver.com/v1/create-qr-code/?size=150x150&data=https://docs.google.com/forms/d/1U0Ge_AUHoD_UrfZwBcU9PawAl3xKmc9aWlU0aNo9ifk/edit?usp=sharing"",1))",https://docs.google.com/forms/d/1U0Ge_AUHoD_UrfZwBcU9PawAl3xKmc9aWlU0aNo9ifk/edit?usp=sharing,"=HYPERLINK(""https://docs.google.com/forms/d/1U0Ge_AUHoD_UrfZwBcU9PawAl3xKmc9aWlU0aNo9ifk/edit?usp=sharing"",""AI photo booth rental near LA"")",,
drawing,AI photo booth rental near LA,"=HYPERLINK(""https://docs.google.com/drawings/d/1Ne4ovg8EMPKm_NpdcwSAXJxy2-3NwNdzyAuK5NSoWrk/edit?usp=sharing"", IMAGE(""https://api.qrserver.com/v1/create-qr-code/?size=150x150&data=https://docs.google.com/drawings/d/1Ne4ovg8EMPKm_NpdcwSAXJxy2-3NwNdzyAuK5NSoWrk/edit?usp=sharing"",1))",https://docs.google.com/drawings/d/1Ne4ovg8EMPKm_NpdcwSAXJxy2-3NwNdzyAuK5NSoWrk/edit?usp=sharing,"=HYPERLINK(""https://docs.google.com/drawings/d/1Ne4ovg8EMPKm_NpdcwSAXJxy2-3NwNdzyAuK5NSoWrk/edit?usp=sharing"",""AI photo booth rental near LA"")",,
image,CTA or Logo,"=HYPERLINK(""https://drive.google.com/file/d/1Ub_baxN1yIKa7z6PHbWKiQ5Hv3QmkYdb/view?usp=drivesdk"", IMAGE(""https://api.qrserver.com/v1/create-qr-code/?size=150x150&data=https://drive.google.com/file/d/1Ub_baxN1yIKa7z6PHbWKiQ5Hv3QmkYdb/view?usp=drivesdk"",1))",https://drive.google.com/file/d/1Ub_baxN1yIKa7z6PHbWKiQ5Hv3QmkYdb/view?usp=drivesdk,,,
image link,CTA or Logo - image link,"=HYPERLINK(""https://sites.google.com/view/ai-face-swap-photo-booth/home"", IMAGE(""https://api.qrserver.com/v1/create-qr-code/?size=150x150&data=https://sites.google.com/view/ai-face-swap-photo-booth/home"",1))",https://sites.google.com/view/ai-face-swap-photo-booth/home,,,
document,AI photo booth rental near LA,"=HYPERLINK(""https://docs.google.com/document/d/1it_6Vqz7LtinROfpUNl8u3aEywY8AiS2_ScARRWBZqM/edit?usp=sharing"", IMAGE(""https://api.qrserver.com/v1/create-qr-code/?size=150x150&data=https://docs.google.com/document/d/1it_6Vqz7LtinROfpUNl8u3aEywY8AiS2_ScARRWBZqM/edit?usp=sharing"",1))",https://docs.google.com/document/d/1it_6Vqz7LtinROfpUNl8u3aEywY8AiS2_ScARRWBZqM/edit?usp=sharing,"=HYPERLINK(""https://docs.google.com/document/d/1it_6Vqz7LtinROfpUNl8u3aEywY8AiS2_ScARRWBZqM/edit?usp=sharing"",""AI photo booth rental near LA"")",,
document pub,AI photo booth rental near LA pub,"=HYPERLINK(""https://docs.google.com/document/d/1it_6Vqz7LtinROfpUNl8u3aEywY8AiS2_ScARRWBZqM/pub"", IMAGE(""https://api.qrserver.com/v1/create-qr-code/?size=150x150&data=https://docs.google.com/document/d/1it_6Vqz7LtinROfpUNl8u3aEywY8AiS2_ScARRWBZqM/pub"",1))",https://docs.google.com/document/d/1it_6Vqz7LtinROfpUNl8u3aEywY8AiS2_ScARRWBZqM/pub,"=HYPERLINK(""https://docs.google.com/document/d/1it_6Vqz7LtinROfpUNl8u3aEywY8AiS2_ScARRWBZqM/edit?usp=sharing"",""AI photo booth rental near LA"")",,
document view,AI photo booth rental near LA view,"=HYPERLINK(""https://docs.google.com/document/d/1it_6Vqz7LtinROfpUNl8u3aEywY8AiS2_ScARRWBZqM/view"", IMAGE(""https://api.qrserver.com/v1/create-qr-code/?size=150x150&data=https://docs.google.com/document/d/1it_6Vqz7LtinROfpUNl8u3aEywY8AiS2_ScARRWBZqM/view"",1))",https://docs.google.com/document/d/1it_6Vqz7LtinROfpUNl8u3aEywY8AiS2_ScARRWBZqM/view,"=HYPERLINK(""https://docs.google.com/document/d/1it_6Vqz7LtinROfpUNl8u3aEywY8AiS2_ScARRWBZqM/edit?usp=sharing"",""AI photo booth rental near LA"")",,
presentation,AI photo booth rental near LA,"=HYPERLINK(""https://docs.google.com/presentation/d/1McXm0eqcB1lsWUwXWsFjm8MZOdsqrI4RtBJu_QzY7HI/edit?usp=sharing"", IMAGE(""https://api.qrserver.com/v1/create-qr-code/?size=150x150&data=https://docs.google.com/presentation/d/1McXm0eqcB1lsWUwXWsFjm8MZOdsqrI4RtBJu_QzY7HI/edit?usp=sharing"",1))",https://docs.google.com/presentation/d/1McXm0eqcB1lsWUwXWsFjm8MZOdsqrI4RtBJu_QzY7HI/edit?usp=sharing,"=HYPERLINK(""https://docs.google.com/presentation/d/1McXm0eqcB1lsWUwXWsFjm8MZOdsqrI4RtBJu_QzY7HI/edit?usp=sharing"",""AI photo booth rental near LA"")",,
presentation pub,AI photo booth rental near LA pub,"=HYPERLINK(""https://docs.google.com/presentation/d/1McXm0eqcB1lsWUwXWsFjm8MZOdsqrI4RtBJu_QzY7HI/pub?start=true&loop=true&delayms=3000"", IMAGE(""https://api.qrserver.com/v1/create-qr-code/?size=150x150&data=https://docs.google.com/presentation/d/1McXm0eqcB1lsWUwXWsFjm8MZOdsqrI4RtBJu_QzY7HI/pub?start=true&loop=true&delayms=3000"",1))",https://docs.google.com/presentation/d/1McXm0eqcB1lsWUwXWsFjm8MZOdsqrI4RtBJu_QzY7HI/pub?start=true&loop=true&delayms=3000,"=HYPERLINK(""https://docs.google.com/presentation/d/1McXm0eqcB1lsWUwXWsFjm8MZOdsqrI4RtBJu_QzY7HI/edit?usp=sharing"",""AI photo booth rental near LA"")",,
presentation view,AI photo booth rental near LA view,"=HYPERLINK(""https://docs.google.com/presentation/d/1McXm0eqcB1lsWUwXWsFjm8MZOdsqrI4RtBJu_QzY7HI/view"", IMAGE(""https://api.qrserver.com/v1/create-qr-code/?size=150x150&data=https://docs.google.com/presentation/d/1McXm0eqcB1lsWUwXWsFjm8MZOdsqrI4RtBJu_QzY7HI/view"",1))",https://docs.google.com/presentation/d/1McXm0eqcB1lsWUwXWsFjm8MZOdsqrI4RtBJu_QzY7HI/view,"=HYPERLINK(""https://docs.google.com/presentation/d/1McXm0eqcB1lsWUwXWsFjm8MZOdsqrI4RtBJu_QzY7HI/edit?usp=sharing"",""AI photo booth rental near LA"")",,
presentation html,AI photo booth rental near LA html,"=HYPERLINK(""https://docs.google.com/presentation/d/1McXm0eqcB1lsWUwXWsFjm8MZOdsqrI4RtBJu_QzY7HI/htmlpresent"", IMAGE(""https://api.qrserver.com/v1/create-qr-code/?size=150x150&data=https://docs.google.com/presentation/d/1McXm0eqcB1lsWUwXWsFjm8MZOdsqrI4RtBJu_QzY7HI/htmlpresent"",1))",https://docs.google.com/presentation/d/1McXm0eqcB1lsWUwXWsFjm8MZOdsqrI4RtBJu_QzY7HI/htmlpresent,"=HYPERLINK(""https://docs.google.com/presentation/d/1McXm0eqcB1lsWUwXWsFjm8MZOdsqrI4RtBJu_QzY7HI/edit?usp=sharing"",""AI photo booth rental near LA"")",,
calendar,Calendar - AI photo booth rental near LA,"=HYPERLINK(""https://calendar.google.com/calendar/embed?src=f1801d8afa92bd358e61a1f6ac3eb7e989e0897637ba99cfb15c654794a91218@group.calendar.google.com"", IMAGE(""https://api.qrserver.com/v1/create-qr-code/?size=150x150&data=https://calendar.google.com/calendar/embed?src=f1801d8afa92bd358e61a1f6ac3eb7e989e0897637ba99cfb15c654794a91218@group.calendar.google.com"",1))",https://calendar.google.com/calendar/embed?src=f1801d8afa92bd358e61a1f6ac3eb7e989e0897637ba99cfb15c654794a91218@group.calendar.google.com,"=HYPERLINK(""https://calendar.google.com/calendar/embed?src=f1801d8afa92bd358e61a1f6ac3eb7e989e0897637ba99cfb15c654794a91218@group.calendar.google.com"",""AI photo booth rental near LA"")",,
Calendar - All Day Event,Calendar - AI photo booth rental near LA - Event,"=HYPERLINK(""https://www.google.com/calendar/event?eid=bmlwYmJrMXFlbGI1ZzJ1dHBsZHBlMHQ3ZjggZjE4MDFkOGFmYTkyYmQzNThlNjFhMWY2YWMzZWI3ZTk4OWUwODk3NjM3YmE5OWNmYjE1YzY1NDc5NGE5MTIxOEBncm91cC5jYWxlbmRhci5nb29nbGUuY29t"", IMAGE(""https://api.qrserver.com/v1/create-qr-code/?size=150x150&data=https://www.google.com/calendar/event?eid=bmlwYmJrMXFlbGI1ZzJ1dHBsZHBlMHQ3ZjggZjE4MDFkOGFmYTkyYmQzNThlNjFhMWY2YWMzZWI3ZTk4OWUwODk3NjM3YmE5OWNmYjE1YzY1NDc5NGE5MTIxOEBncm91cC5jYWxlbmRhci5nb29nbGUuY29t"",1))",https://www.google.com/calendar/event?eid=bmlwYmJrMXFlbGI1ZzJ1dHBsZHBlMHQ3ZjggZjE4MDFkOGFmYTkyYmQzNThlNjFhMWY2YWMzZWI3ZTk4OWUwODk3NjM3YmE5OWNmYjE1YzY1NDc5NGE5MTIxOEBncm91cC5jYWxlbmRhci5nb29nbGUuY29t,"=HYPERLINK(""https://www.google.com/calendar/event?eid=bmlwYmJrMXFlbGI1ZzJ1dHBsZHBlMHQ3ZjggZjE4MDFkOGFmYTkyYmQzNThlNjFhMWY2YWMzZWI3ZTk4OWUwODk3NjM3YmE5OWNmYjE1YzY1NDc5NGE5MTIxOEBncm91cC5jYWxlbmRhci5nb29nbGUuY29t"",""AI photo booth rental near LA"")",,
Calendar - All Day Event,Calendar - AI photo booth rental near LA - Event,"=HYPERLINK(""https://www.google.com/calendar/event?eid=YWp0c28xNmljcXVlOTg0M2pvams0amRtcW8gZjE4MDFkOGFmYTkyYmQzNThlNjFhMWY2YWMzZWI3ZTk4OWUwODk3NjM3YmE5OWNmYjE1YzY1NDc5NGE5MTIxOEBncm91cC5jYWxlbmRhci5nb29nbGUuY29t"", IMAGE(""https://api.qrserver.com/v1/create-qr-code/?size=150x150&data=https://www.google.com/calendar/event?eid=YWp0c28xNmljcXVlOTg0M2pvams0amRtcW8gZjE4MDFkOGFmYTkyYmQzNThlNjFhMWY2YWMzZWI3ZTk4OWUwODk3NjM3YmE5OWNmYjE1YzY1NDc5NGE5MTIxOEBncm91cC5jYWxlbmRhci5nb29nbGUuY29t"",1))",https://www.google.com/calendar/event?eid=YWp0c28xNmljcXVlOTg0M2pvams0amRtcW8gZjE4MDFkOGFmYTkyYmQzNThlNjFhMWY2YWMzZWI3ZTk4OWUwODk3NjM3YmE5OWNmYjE1YzY1NDc5NGE5MTIxOEBncm91cC5jYWxlbmRhci5nb29nbGUuY29t,"=HYPERLINK(""https://www.google.com/calendar/event?eid=YWp0c28xNmljcXVlOTg0M2pvams0amRtcW8gZjE4MDFkOGFmYTkyYmQzNThlNjFhMWY2YWMzZWI3ZTk4OWUwODk3NjM3YmE5OWNmYjE1YzY1NDc5NGE5MTIxOEBncm91cC5jYWxlbmRhci5nb29nbGUuY29t"",""AI photo booth rental near LA"")",,
Calendar - All Day Event,Calendar - AI photo booth rental near LA - Event,"=HYPERLINK(""https://www.google.com/calendar/event?eid=NzFiaDI2cGE5dWQ0ZXUzc2pqZ3M4c3M3b2cgZjE4MDFkOGFmYTkyYmQzNThlNjFhMWY2YWMzZWI3ZTk4OWUwODk3NjM3YmE5OWNmYjE1YzY1NDc5NGE5MTIxOEBncm91cC5jYWxlbmRhci5nb29nbGUuY29t"", IMAGE(""https://api.qrserver.com/v1/create-qr-code/?size=150x150&data=https://www.google.com/calendar/event?eid=NzFiaDI2cGE5dWQ0ZXUzc2pqZ3M4c3M3b2cgZjE4MDFkOGFmYTkyYmQzNThlNjFhMWY2YWMzZWI3ZTk4OWUwODk3NjM3YmE5OWNmYjE1YzY1NDc5NGE5MTIxOEBncm91cC5jYWxlbmRhci5nb29nbGUuY29t"",1))",https://www.google.com/calendar/event?eid=NzFiaDI2cGE5dWQ0ZXUzc2pqZ3M4c3M3b2cgZjE4MDFkOGFmYTkyYmQzNThlNjFhMWY2YWMzZWI3ZTk4OWUwODk3NjM3YmE5OWNmYjE1YzY1NDc5NGE5MTIxOEBncm91cC5jYWxlbmRhci5nb29nbGUuY29t,"=HYPERLINK(""https://www.google.com/calendar/event?eid=NzFiaDI2cGE5dWQ0ZXUzc2pqZ3M4c3M3b2cgZjE4MDFkOGFmYTkyYmQzNThlNjFhMWY2YWMzZWI3ZTk4OWUwODk3NjM3YmE5OWNmYjE1YzY1NDc5NGE5MTIxOEBncm91cC5jYWxlbmRhci5nb29nbGUuY29t"",""AI photo booth rental near LA"")",,
Calendar - All Day Event,Calendar - AI photo booth rental near LA - Event,"=HYPERLINK(""https://www.google.com/calendar/event?eid=ajNpZjZoYzBvZTUxcjFibHIyMGd2M2R1NXMgZjE4MDFkOGFmYTkyYmQzNThlNjFhMWY2YWMzZWI3ZTk4OWUwODk3NjM3YmE5OWNmYjE1YzY1NDc5NGE5MTIxOEBncm91cC5jYWxlbmRhci5nb29nbGUuY29t"", IMAGE(""https://api.qrserver.com/v1/create-qr-code/?size=150x150&data=https://www.google.com/calendar/event?eid=ajNpZjZoYzBvZTUxcjFibHIyMGd2M2R1NXMgZjE4MDFkOGFmYTkyYmQzNThlNjFhMWY2YWMzZWI3ZTk4OWUwODk3NjM3YmE5OWNmYjE1YzY1NDc5NGE5MTIxOEBncm91cC5jYWxlbmRhci5nb29nbGUuY29t"",1))",https://www.google.com/calendar/event?eid=ajNpZjZoYzBvZTUxcjFibHIyMGd2M2R1NXMgZjE4MDFkOGFmYTkyYmQzNThlNjFhMWY2YWMzZWI3ZTk4OWUwODk3NjM3YmE5OWNmYjE1YzY1NDc5NGE5MTIxOEBncm91cC5jYWxlbmRhci5nb29nbGUuY29t,"=HYPERLINK(""https://www.google.com/calendar/event?eid=ajNpZjZoYzBvZTUxcjFibHIyMGd2M2R1NXMgZjE4MDFkOGFmYTkyYmQzNThlNjFhMWY2YWMzZWI3ZTk4OWUwODk3NjM3YmE5OWNmYjE1YzY1NDc5NGE5MTIxOEBncm91cC5jYWxlbmRhci5nb29nbGUuY29t"",""AI photo booth rental near LA"")",,
Calendar - All Day Event,Calendar - AI photo booth rental near LA - Event,"=HYPERLINK(""https://www.google.com/calendar/event?eid=cWo5OTFoMDB0dGJzaW1saTJwbm01ZHU5ZG8gZjE4MDFkOGFmYTkyYmQzNThlNjFhMWY2YWMzZWI3ZTk4OWUwODk3NjM3YmE5OWNmYjE1YzY1NDc5NGE5MTIxOEBncm91cC5jYWxlbmRhci5nb29nbGUuY29t"", IMAGE(""https://api.qrserver.com/v1/create-qr-code/?size=150x150&data=https://www.google.com/calendar/event?eid=cWo5OTFoMDB0dGJzaW1saTJwbm01ZHU5ZG8gZjE4MDFkOGFmYTkyYmQzNThlNjFhMWY2YWMzZWI3ZTk4OWUwODk3NjM3YmE5OWNmYjE1YzY1NDc5NGE5MTIxOEBncm91cC5jYWxlbmRhci5nb29nbGUuY29t"",1))",https://www.google.com/calendar/event?eid=cWo5OTFoMDB0dGJzaW1saTJwbm01ZHU5ZG8gZjE4MDFkOGFmYTkyYmQzNThlNjFhMWY2YWMzZWI3ZTk4OWUwODk3NjM3YmE5OWNmYjE1YzY1NDc5NGE5MTIxOEBncm91cC5jYWxlbmRhci5nb29nbGUuY29t,"=HYPERLINK(""https://www.google.com/calendar/event?eid=cWo5OTFoMDB0dGJzaW1saTJwbm01ZHU5ZG8gZjE4MDFkOGFmYTkyYmQzNThlNjFhMWY2YWMzZWI3ZTk4OWUwODk3NjM3YmE5OWNmYjE1YzY1NDc5NGE5MTIxOEBncm91cC5jYWxlbmRhci5nb29nbGUuY29t"",""AI photo booth rental near LA"")",,
Calendar - All Day Event,Calendar - AI photo booth rental near LA - Event,"=HYPERLINK(""https://www.google.com/calendar/event?eid=MjE1OG00ZWh0b3FyN2ZybGpwZTUyb201ODQgZjE4MDFkOGFmYTkyYmQzNThlNjFhMWY2YWMzZWI3ZTk4OWUwODk3NjM3YmE5OWNmYjE1YzY1NDc5NGE5MTIxOEBncm91cC5jYWxlbmRhci5nb29nbGUuY29t"", IMAGE(""https://api.qrserver.com/v1/create-qr-code/?size=150x150&data=https://www.google.com/calendar/event?eid=MjE1OG00ZWh0b3FyN2ZybGpwZTUyb201ODQgZjE4MDFkOGFmYTkyYmQzNThlNjFhMWY2YWMzZWI3ZTk4OWUwODk3NjM3YmE5OWNmYjE1YzY1NDc5NGE5MTIxOEBncm91cC5jYWxlbmRhci5nb29nbGUuY29t"",1))",https://www.google.com/calendar/event?eid=MjE1OG00ZWh0b3FyN2ZybGpwZTUyb201ODQgZjE4MDFkOGFmYTkyYmQzNThlNjFhMWY2YWMzZWI3ZTk4OWUwODk3NjM3YmE5OWNmYjE1YzY1NDc5NGE5MTIxOEBncm91cC5jYWxlbmRhci5nb29nbGUuY29t,"=HYPERLINK(""https://www.google.com/calendar/event?eid=MjE1OG00ZWh0b3FyN2ZybGpwZTUyb201ODQgZjE4MDFkOGFmYTkyYmQzNThlNjFhMWY2YWMzZWI3ZTk4OWUwODk3NjM3YmE5OWNmYjE1YzY1NDc5NGE5MTIxOEBncm91cC5jYWxlbmRhci5nb29nbGUuY29t"",""AI photo booth rental near LA"")",,
Calendar - All Day Event,Calendar - AI photo booth rental near LA - Event,"=HYPERLINK(""https://www.google.com/calendar/event?eid=ajM2dmV0YWVkbHE3Zzh2dDg3MWVkODM2ZGMgZjE4MDFkOGFmYTkyYmQzNThlNjFhMWY2YWMzZWI3ZTk4OWUwODk3NjM3YmE5OWNmYjE1YzY1NDc5NGE5MTIxOEBncm91cC5jYWxlbmRhci5nb29nbGUuY29t"", IMAGE(""https://api.qrserver.com/v1/create-qr-code/?size=150x150&data=https://www.google.com/calendar/event?eid=ajM2dmV0YWVkbHE3Zzh2dDg3MWVkODM2ZGMgZjE4MDFkOGFmYTkyYmQzNThlNjFhMWY2YWMzZWI3ZTk4OWUwODk3NjM3YmE5OWNmYjE1YzY1NDc5NGE5MTIxOEBncm91cC5jYWxlbmRhci5nb29nbGUuY29t"",1))",https://www.google.com/calendar/event?eid=ajM2dmV0YWVkbHE3Zzh2dDg3MWVkODM2ZGMgZjE4MDFkOGFmYTkyYmQzNThlNjFhMWY2YWMzZWI3ZTk4OWUwODk3NjM3YmE5OWNmYjE1YzY1NDc5NGE5MTIxOEBncm91cC5jYWxlbmRhci5nb29nbGUuY29t,"=HYPERLINK(""https://www.google.com/calendar/event?eid=ajM2dmV0YWVkbHE3Zzh2dDg3MWVkODM2ZGMgZjE4MDFkOGFmYTkyYmQzNThlNjFhMWY2YWMzZWI3ZTk4OWUwODk3NjM3YmE5OWNmYjE1YzY1NDc5NGE5MTIxOEBncm91cC5jYWxlbmRhci5nb29nbGUuY29t"",""AI photo booth rental near LA"")",,
Calendar - All Day Event,Calendar - AI photo booth rental near LA - Event,"=HYPERLINK(""https://www.google.com/calendar/event?eid=N3ZwaWY4YjVkdjFsMGUzcWFxc2dsZ2E5bTAgZjE4MDFkOGFmYTkyYmQzNThlNjFhMWY2YWMzZWI3ZTk4OWUwODk3NjM3YmE5OWNmYjE1YzY1NDc5NGE5MTIxOEBncm91cC5jYWxlbmRhci5nb29nbGUuY29t"", IMAGE(""https://api.qrserver.com/v1/create-qr-code/?size=150x150&data=https://www.google.com/calendar/event?eid=N3ZwaWY4YjVkdjFsMGUzcWFxc2dsZ2E5bTAgZjE4MDFkOGFmYTkyYmQzNThlNjFhMWY2YWMzZWI3ZTk4OWUwODk3NjM3YmE5OWNmYjE1YzY1NDc5NGE5MTIxOEBncm91cC5jYWxlbmRhci5nb29nbGUuY29t"",1))",https://www.google.com/calendar/event?eid=N3ZwaWY4YjVkdjFsMGUzcWFxc2dsZ2E5bTAgZjE4MDFkOGFmYTkyYmQzNThlNjFhMWY2YWMzZWI3ZTk4OWUwODk3NjM3YmE5OWNmYjE1YzY1NDc5NGE5MTIxOEBncm91cC5jYWxlbmRhci5nb29nbGUuY29t,"=HYPERLINK(""https://www.google.com/calendar/event?eid=N3ZwaWY4YjVkdjFsMGUzcWFxc2dsZ2E5bTAgZjE4MDFkOGFmYTkyYmQzNThlNjFhMWY2YWMzZWI3ZTk4OWUwODk3NjM3YmE5OWNmYjE1YzY1NDc5NGE5MTIxOEBncm91cC5jYWxlbmRhci5nb29nbGUuY29t"",""AI photo booth rental near LA"")",,
Calendar - All Day Event,Calendar - AI photo booth rental near LA - Event,"=HYPERLINK(""https://www.google.com/calendar/event?eid=anBua2VrM3YzNTJoZGNma2d2ZW1laG9vcTQgZjE4MDFkOGFmYTkyYmQzNThlNjFhMWY2YWMzZWI3ZTk4OWUwODk3NjM3YmE5OWNmYjE1YzY1NDc5NGE5MTIxOEBncm91cC5jYWxlbmRhci5nb29nbGUuY29t"", IMAGE(""https://api.qrserver.com/v1/create-qr-code/?size=150x150&data=https://www.google.com/calendar/event?eid=anBua2VrM3YzNTJoZGNma2d2ZW1laG9vcTQgZjE4MDFkOGFmYTkyYmQzNThlNjFhMWY2YWMzZWI3ZTk4OWUwODk3NjM3YmE5OWNmYjE1YzY1NDc5NGE5MTIxOEBncm91cC5jYWxlbmRhci5nb29nbGUuY29t"",1))",https://www.google.com/calendar/event?eid=anBua2VrM3YzNTJoZGNma2d2ZW1laG9vcTQgZjE4MDFkOGFmYTkyYmQzNThlNjFhMWY2YWMzZWI3ZTk4OWUwODk3NjM3YmE5OWNmYjE1YzY1NDc5NGE5MTIxOEBncm91cC5jYWxlbmRhci5nb29nbGUuY29t,"=HYPERLINK(""https://www.google.com/calendar/event?eid=anBua2VrM3YzNTJoZGNma2d2ZW1laG9vcTQgZjE4MDFkOGFmYTkyYmQzNThlNjFhMWY2YWMzZWI3ZTk4OWUwODk3NjM3YmE5OWNmYjE1YzY1NDc5NGE5MTIxOEBncm91cC5jYWxlbmRhci5nb29nbGUuY29t"",""AI photo booth rental near LA"")",,
Calendar - All Day Event,Calendar - AI photo booth rental near LA - Event,"=HYPERLINK(""https://www.google.com/calendar/event?eid=NXU1bXFsY2Q2bG9jcHFqOWJ0azhnMmZ0c3MgZjE4MDFkOGFmYTkyYmQzNThlNjFhMWY2YWMzZWI3ZTk4OWUwODk3NjM3YmE5OWNmYjE1YzY1NDc5NGE5MTIxOEBncm91cC5jYWxlbmRhci5nb29nbGUuY29t"", IMAGE(""https://api.qrserver.com/v1/create-qr-code/?size=150x150&data=https://www.google.com/calendar/event?eid=NXU1bXFsY2Q2bG9jcHFqOWJ0azhnMmZ0c3MgZjE4MDFkOGFmYTkyYmQzNThlNjFhMWY2YWMzZWI3ZTk4OWUwODk3NjM3YmE5OWNmYjE1YzY1NDc5NGE5MTIxOEBncm91cC5jYWxlbmRhci5nb29nbGUuY29t"",1))",https://www.google.com/calendar/event?eid=NXU1bXFsY2Q2bG9jcHFqOWJ0azhnMmZ0c3MgZjE4MDFkOGFmYTkyYmQzNThlNjFhMWY2YWMzZWI3ZTk4OWUwODk3NjM3YmE5OWNmYjE1YzY1NDc5NGE5MTIxOEBncm91cC5jYWxlbmRhci5nb29nbGUuY29t,"=HYPERLINK(""https://www.google.com/calendar/event?eid=NXU1bXFsY2Q2bG9jcHFqOWJ0azhnMmZ0c3MgZjE4MDFkOGFmYTkyYmQzNThlNjFhMWY2YWMzZWI3ZTk4OWUwODk3NjM3YmE5OWNmYjE1YzY1NDc5NGE5MTIxOEBncm91cC5jYWxlbmRhci5nb29nbGUuY29t"",""AI photo booth rental near LA"")",,
Calendar - All Day Event,Calendar - AI photo booth rental near LA - Event,"=HYPERLINK(""https://www.google.com/calendar/event?eid=YzU2dTFyNmNncm8zdnM1bDcycWFqYW9ldWMgZjE4MDFkOGFmYTkyYmQzNThlNjFhMWY2YWMzZWI3ZTk4OWUwODk3NjM3YmE5OWNmYjE1YzY1NDc5NGE5MTIxOEBncm91cC5jYWxlbmRhci5nb29nbGUuY29t"", IMAGE(""https://api.qrserver.com/v1/create-qr-code/?size=150x150&data=https://www.google.com/calendar/event?eid=YzU2dTFyNmNncm8zdnM1bDcycWFqYW9ldWMgZjE4MDFkOGFmYTkyYmQzNThlNjFhMWY2YWMzZWI3ZTk4OWUwODk3NjM3YmE5OWNmYjE1YzY1NDc5NGE5MTIxOEBncm91cC5jYWxlbmRhci5nb29nbGUuY29t"",1))",https://www.google.com/calendar/event?eid=YzU2dTFyNmNncm8zdnM1bDcycWFqYW9ldWMgZjE4MDFkOGFmYTkyYmQzNThlNjFhMWY2YWMzZWI3ZTk4OWUwODk3NjM3YmE5OWNmYjE1YzY1NDc5NGE5MTIxOEBncm91cC5jYWxlbmRhci5nb29nbGUuY29t,"=HYPERLINK(""https://www.google.com/calendar/event?eid=YzU2dTFyNmNncm8zdnM1bDcycWFqYW9ldWMgZjE4MDFkOGFmYTkyYmQzNThlNjFhMWY2YWMzZWI3ZTk4OWUwODk3NjM3YmE5OWNmYjE1YzY1NDc5NGE5MTIxOEBncm91cC5jYWxlbmRhci5nb29nbGUuY29t"",""AI photo booth rental near LA"")",,
Calendar - All Day Event,Calendar - AI photo booth rental near LA - Event,"=HYPERLINK(""https://www.google.com/calendar/event?eid=ZzhuZGRjdHFvazI0Z3ZiYTB2bTRtcGpjMWcgZjE4MDFkOGFmYTkyYmQzNThlNjFhMWY2YWMzZWI3ZTk4OWUwODk3NjM3YmE5OWNmYjE1YzY1NDc5NGE5MTIxOEBncm91cC5jYWxlbmRhci5nb29nbGUuY29t"", IMAGE(""https://api.qrserver.com/v1/create-qr-code/?size=150x150&data=https://www.google.com/calendar/event?eid=ZzhuZGRjdHFvazI0Z3ZiYTB2bTRtcGpjMWcgZjE4MDFkOGFmYTkyYmQzNThlNjFhMWY2YWMzZWI3ZTk4OWUwODk3NjM3YmE5OWNmYjE1YzY1NDc5NGE5MTIxOEBncm91cC5jYWxlbmRhci5nb29nbGUuY29t"",1))",https://www.google.com/calendar/event?eid=ZzhuZGRjdHFvazI0Z3ZiYTB2bTRtcGpjMWcgZjE4MDFkOGFmYTkyYmQzNThlNjFhMWY2YWMzZWI3ZTk4OWUwODk3NjM3YmE5OWNmYjE1YzY1NDc5NGE5MTIxOEBncm91cC5jYWxlbmRhci5nb29nbGUuY29t,"=HYPERLINK(""https://www.google.com/calendar/event?eid=ZzhuZGRjdHFvazI0Z3ZiYTB2bTRtcGpjMWcgZjE4MDFkOGFmYTkyYmQzNThlNjFhMWY2YWMzZWI3ZTk4OWUwODk3NjM3YmE5OWNmYjE1YzY1NDc5NGE5MTIxOEBncm91cC5jYWxlbmRhci5nb29nbGUuY29t"",""AI photo booth rental near LA"")",,
Calendar - All Day Event,Calendar - AI photo booth rental near LA - Event,"=HYPERLINK(""https://www.google.com/calendar/event?eid=NWNtMGplNTlnc3NlOXB0czhtMGdmdmlhZjAgZjE4MDFkOGFmYTkyYmQzNThlNjFhMWY2YWMzZWI3ZTk4OWUwODk3NjM3YmE5OWNmYjE1YzY1NDc5NGE5MTIxOEBncm91cC5jYWxlbmRhci5nb29nbGUuY29t"", IMAGE(""https://api.qrserver.com/v1/create-qr-code/?size=150x150&data=https://www.google.com/calendar/event?eid=NWNtMGplNTlnc3NlOXB0czhtMGdmdmlhZjAgZjE4MDFkOGFmYTkyYmQzNThlNjFhMWY2YWMzZWI3ZTk4OWUwODk3NjM3YmE5OWNmYjE1YzY1NDc5NGE5MTIxOEBncm91cC5jYWxlbmRhci5nb29nbGUuY29t"",1))",https://www.google.com/calendar/event?eid=NWNtMGplNTlnc3NlOXB0czhtMGdmdmlhZjAgZjE4MDFkOGFmYTkyYmQzNThlNjFhMWY2YWMzZWI3ZTk4OWUwODk3NjM3YmE5OWNmYjE1YzY1NDc5NGE5MTIxOEBncm91cC5jYWxlbmRhci5nb29nbGUuY29t,"=HYPERLINK(""https://www.google.com/calendar/event?eid=NWNtMGplNTlnc3NlOXB0czhtMGdmdmlhZjAgZjE4MDFkOGFmYTkyYmQzNThlNjFhMWY2YWMzZWI3ZTk4OWUwODk3NjM3YmE5OWNmYjE1YzY1NDc5NGE5MTIxOEBncm91cC5jYWxlbmRhci5nb29nbGUuY29t"",""AI photo booth rental near LA"")",,
Calendar - All Day Event,Calendar - AI photo booth rental near LA - Event,"=HYPERLINK(""https://www.google.com/calendar/event?eid=NXYxaXRoZ2Q0aTJ1bzYycXFkcmdxajN2cGcgZjE4MDFkOGFmYTkyYmQzNThlNjFhMWY2YWMzZWI3ZTk4OWUwODk3NjM3YmE5OWNmYjE1YzY1NDc5NGE5MTIxOEBncm91cC5jYWxlbmRhci5nb29nbGUuY29t"", IMAGE(""https://api.qrserver.com/v1/create-qr-code/?size=150x150&data=https://www.google.com/calendar/event?eid=NXYxaXRoZ2Q0aTJ1bzYycXFkcmdxajN2cGcgZjE4MDFkOGFmYTkyYmQzNThlNjFhMWY2YWMzZWI3ZTk4OWUwODk3NjM3YmE5OWNmYjE1YzY1NDc5NGE5MTIxOEBncm91cC5jYWxlbmRhci5nb29nbGUuY29t"",1))",https://www.google.com/calendar/event?eid=NXYxaXRoZ2Q0aTJ1bzYycXFkcmdxajN2cGcgZjE4MDFkOGFmYTkyYmQzNThlNjFhMWY2YWMzZWI3ZTk4OWUwODk3NjM3YmE5OWNmYjE1YzY1NDc5NGE5MTIxOEBncm91cC5jYWxlbmRhci5nb29nbGUuY29t,"=HYPERLINK(""https://www.google.com/calendar/event?eid=NXYxaXRoZ2Q0aTJ1bzYycXFkcmdxajN2cGcgZjE4MDFkOGFmYTkyYmQzNThlNjFhMWY2YWMzZWI3ZTk4OWUwODk3NjM3YmE5OWNmYjE1YzY1NDc5NGE5MTIxOEBncm91cC5jYWxlbmRhci5nb29nbGUuY29t"",""AI photo booth rental near LA"")",,
Calendar - All Day Event,Calendar - AI photo booth rental near LA - Event,"=HYPERLINK(""https://www.google.com/calendar/event?eid=cG1rMGRnbG03MTFtYmY5ZGlwb3VyMzNucTQgZjE4MDFkOGFmYTkyYmQzNThlNjFhMWY2YWMzZWI3ZTk4OWUwODk3NjM3YmE5OWNmYjE1YzY1NDc5NGE5MTIxOEBncm91cC5jYWxlbmRhci5nb29nbGUuY29t"", IMAGE(""https://api.qrserver.com/v1/create-qr-code/?size=150x150&data=https://www.google.com/calendar/event?eid=cG1rMGRnbG03MTFtYmY5ZGlwb3VyMzNucTQgZjE4MDFkOGFmYTkyYmQzNThlNjFhMWY2YWMzZWI3ZTk4OWUwODk3NjM3YmE5OWNmYjE1YzY1NDc5NGE5MTIxOEBncm91cC5jYWxlbmRhci5nb29nbGUuY29t"",1))",https://www.google.com/calendar/event?eid=cG1rMGRnbG03MTFtYmY5ZGlwb3VyMzNucTQgZjE4MDFkOGFmYTkyYmQzNThlNjFhMWY2YWMzZWI3ZTk4OWUwODk3NjM3YmE5OWNmYjE1YzY1NDc5NGE5MTIxOEBncm91cC5jYWxlbmRhci5nb29nbGUuY29t,"=HYPERLINK(""https://www.google.com/calendar/event?eid=cG1rMGRnbG03MTFtYmY5ZGlwb3VyMzNucTQgZjE4MDFkOGFmYTkyYmQzNThlNjFhMWY2YWMzZWI3ZTk4OWUwODk3NjM3YmE5OWNmYjE1YzY1NDc5NGE5MTIxOEBncm91cC5jYWxlbmRhci5nb29nbGUuY29t"",""AI photo booth rental near LA"")",,
video,AI photo booth rental near LA,"=HYPERLINK(""https://youtu.be/3AjCF0_H6pI"", IMAGE(""https://api.qrserver.com/v1/create-qr-code/?size=150x150&data=https://youtu.be/3AjCF0_H6pI"",1))",https://youtu.be/3AjCF0_H6pI,"=HYPERLINK(""https://youtu.be/3AjCF0_H6pI"",""AI photo booth rental near LA"")",,
video,AI photo booth rental near LA,"=HYPERLINK(""https://youtu.be/yD1Nwl2R0O4"", IMAGE(""https://api.qrserver.com/v1/create-qr-code/?size=150x150&data=https://youtu.be/yD1Nwl2R0O4"",1))",https://youtu.be/yD1Nwl2R0O4,"=HYPERLINK(""https://youtu.be/yD1Nwl2R0O4"",""AI photo booth rental near LA"")",,
video,AI photo booth rental near LA,"=HYPERLINK(""https://youtu.be/WWlZX-7fMis"", IMAGE(""https://api.qrserver.com/v1/create-qr-code/?size=150x150&data=https://youtu.be/WWlZX-7fMis"",1))",https://youtu.be/WWlZX-7fMis,"=HYPERLINK(""https://youtu.be/WWlZX-7fMis"",""AI photo booth rental near LA"")",,
video,AI photo booth rental near LA,"=HYPERLINK(""https://youtu.be/uceVMj8rYks"", IMAGE(""https://api.qrserver.com/v1/create-qr-code/?size=150x150&data=https://youtu.be/uceVMj8rYks"",1))",https://youtu.be/uceVMj8rYks,"=HYPERLINK(""https://youtu.be/uceVMj8rYks"",""AI photo booth rental near LA"")",,
video,AI photo booth rental near LA,"=HYPERLINK(""https://youtu.be/5m1UqrkL-Qs"", IMAGE(""https://api.qrserver.com/v1/create-qr-code/?size=150x150&data=https://youtu.be/5m1UqrkL-Qs"",1))",https://youtu.be/5m1UqrkL-Qs,"=HYPERLINK(""https://youtu.be/5m1UqrkL-Qs"",""AI photo booth rental near LA"")",,
sheet,Sheet1,"=HYPERLINK(""https://docs.google.com/spreadsheets/d/1CoWycjykK_PBEP0rubgG6bOSroUMCwf1G9mujzCBbfM/edit#gid=0"", IMAGE(""https://api.qrserver.com/v1/create-qr-code/?size=150x150&data=https://docs.google.com/spreadsheets/d/1CoWycjykK_PBEP0rubgG6bOSroUMCwf1G9mujzCBbfM/edit#gid=0"",1))",https://docs.google.com/spreadsheets/d/1CoWycjykK_PBEP0rubgG6bOSroUMCwf1G9mujzCBbfM/edit#gid=0,"=HYPERLINK(""https://docs.google.com/spreadsheets/d/1CoWycjykK_PBEP0rubgG6bOSroUMCwf1G9mujzCBbfM/edit#gid=0"",""AI photo booth rental near LA Sheet1"")",,
sheet,Keywords,"=HYPERLINK(""https://docs.google.com/spreadsheets/d/1CoWycjykK_PBEP0rubgG6bOSroUMCwf1G9mujzCBbfM/edit#gid=609000001"", IMAGE(""https://api.qrserver.com/v1/create-qr-code/?size=150x150&data=https://docs.google.com/spreadsheets/d/1CoWycjykK_PBEP0rubgG6bOSroUMCwf1G9mujzCBbfM/edit#gid=609000001"",1))",https://docs.google.com/spreadsheets/d/1CoWycjykK_PBEP0rubgG6bOSroUMCwf1G9mujzCBbfM/edit#gid=609000001,"=HYPERLINK(""https://docs.google.com/spreadsheets/d/1CoWycjykK_PBEP0rubgG6bOSroUMCwf1G9mujzCBbfM/edit#gid=609000001"",""AI photo booth rental near LA Keywords"")",,
sheet,Content,"=HYPERLINK(""https://docs.google.com/spreadsheets/d/1CoWycjykK_PBEP0rubgG6bOSroUMCwf1G9mujzCBbfM/edit#gid=391438776"", IMAGE(""https://api.qrserver.com/v1/create-qr-code/?size=150x150&data=https://docs.google.com/spreadsheets/d/1CoWycjykK_PBEP0rubgG6bOSroUMCwf1G9mujzCBbfM/edit#gid=391438776"",1))",https://docs.google.com/spreadsheets/d/1CoWycjykK_PBEP0rubgG6bOSroUMCwf1G9mujzCBbfM/edit#gid=391438776,"=HYPERLINK(""https://docs.google.com/spreadsheets/d/1CoWycjykK_PBEP0rubgG6bOSroUMCwf1G9mujzCBbfM/edit#gid=391438776"",""AI photo booth rental near LA Content"")",,
sheet,Calendar Events,"=HYPERLINK(""https://docs.google.com/spreadsheets/d/1CoWycjykK_PBEP0rubgG6bOSroUMCwf1G9mujzCBbfM/edit#gid=675630365"", IMAGE(""https://api.qrserver.com/v1/create-qr-code/?size=150x150&data=https://docs.google.com/spreadsheets/d/1CoWycjykK_PBEP0rubgG6bOSroUMCwf1G9mujzCBbfM/edit#gid=675630365"",1))",https://docs.google.com/spreadsheets/d/1CoWycjykK_PBEP0rubgG6bOSroUMCwf1G9mujzCBbfM/edit#gid=675630365,"=HYPERLINK(""https://docs.google.com/spreadsheets/d/1CoWycjykK_PBEP0rubgG6bOSroUMCwf1G9mujzCBbfM/edit#gid=675630365"",""AI photo booth rental near LA Calendar Events"")",,
sheet,RSS Feeds,"=HYPERLINK(""https://docs.google.com/spreadsheets/d/1CoWycjykK_PBEP0rubgG6bOSroUMCwf1G9mujzCBbfM/edit#gid=1047000827"", IMAGE(""https://api.qrserver.com/v1/create-qr-code/?size=150x150&data=https://docs.google.com/spreadsheets/d/1CoWycjykK_PBEP0rubgG6bOSroUMCwf1G9mujzCBbfM/edit#gid=1047000827"",1))",https://docs.google.com/spreadsheets/d/1CoWycjykK_PBEP0rubgG6bOSroUMCwf1G9mujzCBbfM/edit#gid=1047000827,"=HYPERLINK(""https://docs.google.com/spreadsheets/d/1CoWycjykK_PBEP0rubgG6bOSroUMCwf1G9mujzCBbfM/edit#gid=1047000827"",""AI photo booth rental near LA RSS Feeds"")",,
