target url,AI photo booth rental Orange County ,"=HYPERLINK(""https://sites.google.com/view/ai-face-swap-photo-booth/home"", IMAGE(""https://api.qrserver.com/v1/create-qr-code/?size=150x150&data=https://sites.google.com/view/ai-face-swap-photo-booth/home"",1))",https://sites.google.com/view/ai-face-swap-photo-booth/home,"=HYPERLINK(""https://sites.google.com/view/ai-face-swap-photo-booth/home"",""AI photo booth rental Orange County "")",,
folder top,AI photo booth rental Orange County ,"=HYPERLINK(""https://drive.google.com/drive/folders/1eOvQuLwF3TnFb6bv0caGsd-6YB4A_FxD?usp=sharing"", IMAGE(""https://api.qrserver.com/v1/create-qr-code/?size=150x150&data=https://drive.google.com/drive/folders/1eOvQuLwF3TnFb6bv0caGsd-6YB4A_FxD?usp=sharing"",1))",https://drive.google.com/drive/folders/1eOvQuLwF3TnFb6bv0caGsd-6YB4A_FxD?usp=sharing,"=HYPERLINK(""https://drive.google.com/drive/folders/1eOvQuLwF3TnFb6bv0caGsd-6YB4A_FxD?usp=sharing"",""AI photo booth rental Orange County "")",,
rss feed,AI photo booth rental Orange County ,"=HYPERLINK(""https://news.google.com/rss/search?q=aiphotobooth"", IMAGE(""https://api.qrserver.com/v1/create-qr-code/?size=150x150&data=https://news.google.com/rss/search?q=aiphotobooth"",1))",https://news.google.com/rss/search?q=aiphotobooth,"=HYPERLINK(""https://news.google.com/rss/search?q=aiphotobooth"",""AI photo booth rental Orange County "")",,
folder articles,AI photo booth rental Orange County  Articles,"=HYPERLINK(""https://drive.google.com/drive/folders/1ds5PL3soxExhV4P14JWbSi8usS72c7M8?usp=sharing"", IMAGE(""https://api.qrserver.com/v1/create-qr-code/?size=150x150&data=https://drive.google.com/drive/folders/1ds5PL3soxExhV4P14JWbSi8usS72c7M8?usp=sharing"",1))",https://drive.google.com/drive/folders/1ds5PL3soxExhV4P14JWbSi8usS72c7M8?usp=sharing,"=HYPERLINK(""https://drive.google.com/drive/folders/1ds5PL3soxExhV4P14JWbSi8usS72c7M8?usp=sharing"",""AI photo booth rental Orange County  Articles"")",,
folder photos,AI photo booth rental Orange County  Photos,"=HYPERLINK(""https://drive.google.com/drive/folders/1HTZOAsGpnG1iEi5_VZzZM3ECakuQ_ryP?usp=sharing"", IMAGE(""https://api.qrserver.com/v1/create-qr-code/?size=150x150&data=https://drive.google.com/drive/folders/1HTZOAsGpnG1iEi5_VZzZM3ECakuQ_ryP?usp=sharing"",1))",https://drive.google.com/drive/folders/1HTZOAsGpnG1iEi5_VZzZM3ECakuQ_ryP?usp=sharing,"=HYPERLINK(""https://drive.google.com/drive/folders/1HTZOAsGpnG1iEi5_VZzZM3ECakuQ_ryP?usp=sharing"",""AI photo booth rental Orange County  Photos"")",,
folder pdfs,AI photo booth rental Orange County  PDFs,"=HYPERLINK(""https://drive.google.com/drive/folders/1Cdempjhpq4nVJOMyXZTnbMpQAYFVYbhg?usp=sharing"", IMAGE(""https://api.qrserver.com/v1/create-qr-code/?size=150x150&data=https://drive.google.com/drive/folders/1Cdempjhpq4nVJOMyXZTnbMpQAYFVYbhg?usp=sharing"",1))",https://drive.google.com/drive/folders/1Cdempjhpq4nVJOMyXZTnbMpQAYFVYbhg?usp=sharing,"=HYPERLINK(""https://drive.google.com/drive/folders/1Cdempjhpq4nVJOMyXZTnbMpQAYFVYbhg?usp=sharing"",""AI photo booth rental Orange County  PDFs"")",,
folder slides,AI photo booth rental Orange County  Slides,"=HYPERLINK(""https://drive.google.com/drive/folders/10Zhfzy284wpcDZ8PXx8qEKouTNd8CpVL?usp=sharing"", IMAGE(""https://api.qrserver.com/v1/create-qr-code/?size=150x150&data=https://drive.google.com/drive/folders/10Zhfzy284wpcDZ8PXx8qEKouTNd8CpVL?usp=sharing"",1))",https://drive.google.com/drive/folders/10Zhfzy284wpcDZ8PXx8qEKouTNd8CpVL?usp=sharing,"=HYPERLINK(""https://drive.google.com/drive/folders/10Zhfzy284wpcDZ8PXx8qEKouTNd8CpVL?usp=sharing"",""AI photo booth rental Orange County  Slides"")",,
photo,AI photo booth rental Orange County ,"=HYPERLINK(""https://drive.google.com/file/d/1S5sjkvMhie1HaZ6IJAtEozK_5kzeiW10/view?usp=sharing"", IMAGE(""https://api.qrserver.com/v1/create-qr-code/?size=150x150&data=https://drive.google.com/file/d/1S5sjkvMhie1HaZ6IJAtEozK_5kzeiW10/view?usp=sharing"",1))",https://drive.google.com/file/d/1S5sjkvMhie1HaZ6IJAtEozK_5kzeiW10/view?usp=sharing,"=HYPERLINK(""https://drive.google.com/file/d/1S5sjkvMhie1HaZ6IJAtEozK_5kzeiW10/view?usp=sharing"",""AI photo booth rental Orange County "")",,
photo,AI photo booth rental Orange County ,"=HYPERLINK(""https://drive.google.com/file/d/1IByJfZTakIptE6tLQpRfFEZJvkhpjvna/view?usp=sharing"", IMAGE(""https://api.qrserver.com/v1/create-qr-code/?size=150x150&data=https://drive.google.com/file/d/1IByJfZTakIptE6tLQpRfFEZJvkhpjvna/view?usp=sharing"",1))",https://drive.google.com/file/d/1IByJfZTakIptE6tLQpRfFEZJvkhpjvna/view?usp=sharing,"=HYPERLINK(""https://drive.google.com/file/d/1IByJfZTakIptE6tLQpRfFEZJvkhpjvna/view?usp=sharing"",""AI photo booth rental Orange County "")",,
photo,AI photo booth rental Orange County ,"=HYPERLINK(""https://drive.google.com/file/d/1mz_u8Q0HMByzzD3CtqVB6w3zXsh9l5I5/view?usp=sharing"", IMAGE(""https://api.qrserver.com/v1/create-qr-code/?size=150x150&data=https://drive.google.com/file/d/1mz_u8Q0HMByzzD3CtqVB6w3zXsh9l5I5/view?usp=sharing"",1))",https://drive.google.com/file/d/1mz_u8Q0HMByzzD3CtqVB6w3zXsh9l5I5/view?usp=sharing,"=HYPERLINK(""https://drive.google.com/file/d/1mz_u8Q0HMByzzD3CtqVB6w3zXsh9l5I5/view?usp=sharing"",""AI photo booth rental Orange County "")",,
photo,AI photo booth rental Orange County ,"=HYPERLINK(""https://drive.google.com/file/d/1jq83tjsTQFb4U0qgk_AzTa61Oiz8Dq-x/view?usp=sharing"", IMAGE(""https://api.qrserver.com/v1/create-qr-code/?size=150x150&data=https://drive.google.com/file/d/1jq83tjsTQFb4U0qgk_AzTa61Oiz8Dq-x/view?usp=sharing"",1))",https://drive.google.com/file/d/1jq83tjsTQFb4U0qgk_AzTa61Oiz8Dq-x/view?usp=sharing,"=HYPERLINK(""https://drive.google.com/file/d/1jq83tjsTQFb4U0qgk_AzTa61Oiz8Dq-x/view?usp=sharing"",""AI photo booth rental Orange County "")",,
spreadsheet,AI photo booth rental Orange County ,"=HYPERLINK(""https://docs.google.com/spreadsheets/d/1g9ZcfBO8wYoqZGGzPYQ_-BM-oR2W0j-z8iMoOsnid_A/edit?usp=sharing"", IMAGE(""https://api.qrserver.com/v1/create-qr-code/?size=150x150&data=https://docs.google.com/spreadsheets/d/1g9ZcfBO8wYoqZGGzPYQ_-BM-oR2W0j-z8iMoOsnid_A/edit?usp=sharing"",1))",https://docs.google.com/spreadsheets/d/1g9ZcfBO8wYoqZGGzPYQ_-BM-oR2W0j-z8iMoOsnid_A/edit?usp=sharing,"=HYPERLINK(""https://docs.google.com/spreadsheets/d/1g9ZcfBO8wYoqZGGzPYQ_-BM-oR2W0j-z8iMoOsnid_A/edit?usp=sharing"",""AI photo booth rental Orange County "")",,
spreadsheet key,AI photo booth rental Orange County  key,"=HYPERLINK(""https://docs.google.com/spreadsheet/pub?key=1g9ZcfBO8wYoqZGGzPYQ_-BM-oR2W0j-z8iMoOsnid_A"", IMAGE(""https://api.qrserver.com/v1/create-qr-code/?size=150x150&data=https://docs.google.com/spreadsheet/pub?key=1g9ZcfBO8wYoqZGGzPYQ_-BM-oR2W0j-z8iMoOsnid_A"",1))",https://docs.google.com/spreadsheet/pub?key=1g9ZcfBO8wYoqZGGzPYQ_-BM-oR2W0j-z8iMoOsnid_A,"=HYPERLINK(""https://docs.google.com/spreadsheets/d/1g9ZcfBO8wYoqZGGzPYQ_-BM-oR2W0j-z8iMoOsnid_A/edit?usp=sharing"",""AI photo booth rental Orange County "")",,
spreadsheet pubhtml,AI photo booth rental Orange County  pubhtml,"=HYPERLINK(""https://docs.google.com/spreadsheets/d/1g9ZcfBO8wYoqZGGzPYQ_-BM-oR2W0j-z8iMoOsnid_A/pubhtml"", IMAGE(""https://api.qrserver.com/v1/create-qr-code/?size=150x150&data=https://docs.google.com/spreadsheets/d/1g9ZcfBO8wYoqZGGzPYQ_-BM-oR2W0j-z8iMoOsnid_A/pubhtml"",1))",https://docs.google.com/spreadsheets/d/1g9ZcfBO8wYoqZGGzPYQ_-BM-oR2W0j-z8iMoOsnid_A/pubhtml,"=HYPERLINK(""https://docs.google.com/spreadsheets/d/1g9ZcfBO8wYoqZGGzPYQ_-BM-oR2W0j-z8iMoOsnid_A/edit?usp=sharing"",""AI photo booth rental Orange County "")",,
spreadsheet pub,AI photo booth rental Orange County  pub,"=HYPERLINK(""https://docs.google.com/spreadsheets/d/1g9ZcfBO8wYoqZGGzPYQ_-BM-oR2W0j-z8iMoOsnid_A/pub"", IMAGE(""https://api.qrserver.com/v1/create-qr-code/?size=150x150&data=https://docs.google.com/spreadsheets/d/1g9ZcfBO8wYoqZGGzPYQ_-BM-oR2W0j-z8iMoOsnid_A/pub"",1))",https://docs.google.com/spreadsheets/d/1g9ZcfBO8wYoqZGGzPYQ_-BM-oR2W0j-z8iMoOsnid_A/pub,"=HYPERLINK(""https://docs.google.com/spreadsheets/d/1g9ZcfBO8wYoqZGGzPYQ_-BM-oR2W0j-z8iMoOsnid_A/edit?usp=sharing"",""AI photo booth rental Orange County "")",,
spreadsheet view,AI photo booth rental Orange County  view,"=HYPERLINK(""https://docs.google.com/spreadsheets/d/1g9ZcfBO8wYoqZGGzPYQ_-BM-oR2W0j-z8iMoOsnid_A/view"", IMAGE(""https://api.qrserver.com/v1/create-qr-code/?size=150x150&data=https://docs.google.com/spreadsheets/d/1g9ZcfBO8wYoqZGGzPYQ_-BM-oR2W0j-z8iMoOsnid_A/view"",1))",https://docs.google.com/spreadsheets/d/1g9ZcfBO8wYoqZGGzPYQ_-BM-oR2W0j-z8iMoOsnid_A/view,"=HYPERLINK(""https://docs.google.com/spreadsheets/d/1g9ZcfBO8wYoqZGGzPYQ_-BM-oR2W0j-z8iMoOsnid_A/edit?usp=sharing"",""AI photo booth rental Orange County "")",,
form,AI photo booth rental Orange County ,"=HYPERLINK(""https://docs.google.com/forms/d/1q08Gzk3uGlyD5PG0Kvs8ZXoJVKoFffj7a6jGBE_6-Nc/edit?usp=sharing"", IMAGE(""https://api.qrserver.com/v1/create-qr-code/?size=150x150&data=https://docs.google.com/forms/d/1q08Gzk3uGlyD5PG0Kvs8ZXoJVKoFffj7a6jGBE_6-Nc/edit?usp=sharing"",1))",https://docs.google.com/forms/d/1q08Gzk3uGlyD5PG0Kvs8ZXoJVKoFffj7a6jGBE_6-Nc/edit?usp=sharing,"=HYPERLINK(""https://docs.google.com/forms/d/1q08Gzk3uGlyD5PG0Kvs8ZXoJVKoFffj7a6jGBE_6-Nc/edit?usp=sharing"",""AI photo booth rental Orange County "")",,
drawing,AI photo booth rental Orange County ,"=HYPERLINK(""https://docs.google.com/drawings/d/1KCvR6ZNtGktdceAiCyTQG5duWVyVuN5_GyZ5SYWuPSE/edit?usp=sharing"", IMAGE(""https://api.qrserver.com/v1/create-qr-code/?size=150x150&data=https://docs.google.com/drawings/d/1KCvR6ZNtGktdceAiCyTQG5duWVyVuN5_GyZ5SYWuPSE/edit?usp=sharing"",1))",https://docs.google.com/drawings/d/1KCvR6ZNtGktdceAiCyTQG5duWVyVuN5_GyZ5SYWuPSE/edit?usp=sharing,"=HYPERLINK(""https://docs.google.com/drawings/d/1KCvR6ZNtGktdceAiCyTQG5duWVyVuN5_GyZ5SYWuPSE/edit?usp=sharing"",""AI photo booth rental Orange County "")",,
image,CTA or Logo,"=HYPERLINK(""https://drive.google.com/file/d/1Ub_baxN1yIKa7z6PHbWKiQ5Hv3QmkYdb/view?usp=drivesdk"", IMAGE(""https://api.qrserver.com/v1/create-qr-code/?size=150x150&data=https://drive.google.com/file/d/1Ub_baxN1yIKa7z6PHbWKiQ5Hv3QmkYdb/view?usp=drivesdk"",1))",https://drive.google.com/file/d/1Ub_baxN1yIKa7z6PHbWKiQ5Hv3QmkYdb/view?usp=drivesdk,,,
image link,CTA or Logo - image link,"=HYPERLINK(""https://sites.google.com/view/ai-face-swap-photo-booth/home"", IMAGE(""https://api.qrserver.com/v1/create-qr-code/?size=150x150&data=https://sites.google.com/view/ai-face-swap-photo-booth/home"",1))",https://sites.google.com/view/ai-face-swap-photo-booth/home,,,
document,AI photo booth rental Orange County ,"=HYPERLINK(""https://docs.google.com/document/d/12K12UCYImd8nw0w13SoKgdVlst475SsVhQbiJHX3El0/edit?usp=sharing"", IMAGE(""https://api.qrserver.com/v1/create-qr-code/?size=150x150&data=https://docs.google.com/document/d/12K12UCYImd8nw0w13SoKgdVlst475SsVhQbiJHX3El0/edit?usp=sharing"",1))",https://docs.google.com/document/d/12K12UCYImd8nw0w13SoKgdVlst475SsVhQbiJHX3El0/edit?usp=sharing,"=HYPERLINK(""https://docs.google.com/document/d/12K12UCYImd8nw0w13SoKgdVlst475SsVhQbiJHX3El0/edit?usp=sharing"",""AI photo booth rental Orange County "")",,
document pub,AI photo booth rental Orange County  pub,"=HYPERLINK(""https://docs.google.com/document/d/12K12UCYImd8nw0w13SoKgdVlst475SsVhQbiJHX3El0/pub"", IMAGE(""https://api.qrserver.com/v1/create-qr-code/?size=150x150&data=https://docs.google.com/document/d/12K12UCYImd8nw0w13SoKgdVlst475SsVhQbiJHX3El0/pub"",1))",https://docs.google.com/document/d/12K12UCYImd8nw0w13SoKgdVlst475SsVhQbiJHX3El0/pub,"=HYPERLINK(""https://docs.google.com/document/d/12K12UCYImd8nw0w13SoKgdVlst475SsVhQbiJHX3El0/edit?usp=sharing"",""AI photo booth rental Orange County "")",,
document view,AI photo booth rental Orange County  view,"=HYPERLINK(""https://docs.google.com/document/d/12K12UCYImd8nw0w13SoKgdVlst475SsVhQbiJHX3El0/view"", IMAGE(""https://api.qrserver.com/v1/create-qr-code/?size=150x150&data=https://docs.google.com/document/d/12K12UCYImd8nw0w13SoKgdVlst475SsVhQbiJHX3El0/view"",1))",https://docs.google.com/document/d/12K12UCYImd8nw0w13SoKgdVlst475SsVhQbiJHX3El0/view,"=HYPERLINK(""https://docs.google.com/document/d/12K12UCYImd8nw0w13SoKgdVlst475SsVhQbiJHX3El0/edit?usp=sharing"",""AI photo booth rental Orange County "")",,
presentation,AI photo booth rental Orange County ,"=HYPERLINK(""https://docs.google.com/presentation/d/1HKorgkJ01lVdovQtnLJZ25O_uDZ0wLHfal68XyhkH50/edit?usp=sharing"", IMAGE(""https://api.qrserver.com/v1/create-qr-code/?size=150x150&data=https://docs.google.com/presentation/d/1HKorgkJ01lVdovQtnLJZ25O_uDZ0wLHfal68XyhkH50/edit?usp=sharing"",1))",https://docs.google.com/presentation/d/1HKorgkJ01lVdovQtnLJZ25O_uDZ0wLHfal68XyhkH50/edit?usp=sharing,"=HYPERLINK(""https://docs.google.com/presentation/d/1HKorgkJ01lVdovQtnLJZ25O_uDZ0wLHfal68XyhkH50/edit?usp=sharing"",""AI photo booth rental Orange County "")",,
presentation pub,AI photo booth rental Orange County  pub,"=HYPERLINK(""https://docs.google.com/presentation/d/1HKorgkJ01lVdovQtnLJZ25O_uDZ0wLHfal68XyhkH50/pub?start=true&loop=true&delayms=3000"", IMAGE(""https://api.qrserver.com/v1/create-qr-code/?size=150x150&data=https://docs.google.com/presentation/d/1HKorgkJ01lVdovQtnLJZ25O_uDZ0wLHfal68XyhkH50/pub?start=true&loop=true&delayms=3000"",1))",https://docs.google.com/presentation/d/1HKorgkJ01lVdovQtnLJZ25O_uDZ0wLHfal68XyhkH50/pub?start=true&loop=true&delayms=3000,"=HYPERLINK(""https://docs.google.com/presentation/d/1HKorgkJ01lVdovQtnLJZ25O_uDZ0wLHfal68XyhkH50/edit?usp=sharing"",""AI photo booth rental Orange County "")",,
presentation view,AI photo booth rental Orange County  view,"=HYPERLINK(""https://docs.google.com/presentation/d/1HKorgkJ01lVdovQtnLJZ25O_uDZ0wLHfal68XyhkH50/view"", IMAGE(""https://api.qrserver.com/v1/create-qr-code/?size=150x150&data=https://docs.google.com/presentation/d/1HKorgkJ01lVdovQtnLJZ25O_uDZ0wLHfal68XyhkH50/view"",1))",https://docs.google.com/presentation/d/1HKorgkJ01lVdovQtnLJZ25O_uDZ0wLHfal68XyhkH50/view,"=HYPERLINK(""https://docs.google.com/presentation/d/1HKorgkJ01lVdovQtnLJZ25O_uDZ0wLHfal68XyhkH50/edit?usp=sharing"",""AI photo booth rental Orange County "")",,
presentation html,AI photo booth rental Orange County  html,"=HYPERLINK(""https://docs.google.com/presentation/d/1HKorgkJ01lVdovQtnLJZ25O_uDZ0wLHfal68XyhkH50/htmlpresent"", IMAGE(""https://api.qrserver.com/v1/create-qr-code/?size=150x150&data=https://docs.google.com/presentation/d/1HKorgkJ01lVdovQtnLJZ25O_uDZ0wLHfal68XyhkH50/htmlpresent"",1))",https://docs.google.com/presentation/d/1HKorgkJ01lVdovQtnLJZ25O_uDZ0wLHfal68XyhkH50/htmlpresent,"=HYPERLINK(""https://docs.google.com/presentation/d/1HKorgkJ01lVdovQtnLJZ25O_uDZ0wLHfal68XyhkH50/edit?usp=sharing"",""AI photo booth rental Orange County "")",,
calendar,Calendar - AI photo booth rental Orange County ,"=HYPERLINK(""https://calendar.google.com/calendar/embed?src=b95e0f033f4e61fd7c42622a3f380529e10ae94c4f47c146a622ecfe6e89e642@group.calendar.google.com"", IMAGE(""https://api.qrserver.com/v1/create-qr-code/?size=150x150&data=https://calendar.google.com/calendar/embed?src=b95e0f033f4e61fd7c42622a3f380529e10ae94c4f47c146a622ecfe6e89e642@group.calendar.google.com"",1))",https://calendar.google.com/calendar/embed?src=b95e0f033f4e61fd7c42622a3f380529e10ae94c4f47c146a622ecfe6e89e642@group.calendar.google.com,"=HYPERLINK(""https://calendar.google.com/calendar/embed?src=b95e0f033f4e61fd7c42622a3f380529e10ae94c4f47c146a622ecfe6e89e642@group.calendar.google.com"",""AI photo booth rental Orange County "")",,
Calendar - All Day Event,Calendar - AI photo booth rental Orange County  - Event,"=HYPERLINK(""https://www.google.com/calendar/event?eid=NjNlNjE4NnZyczk1cHBtanBzNHJhNDI1OTAgYjk1ZTBmMDMzZjRlNjFmZDdjNDI2MjJhM2YzODA1MjllMTBhZTk0YzRmNDdjMTQ2YTYyMmVjZmU2ZTg5ZTY0MkBncm91cC5jYWxlbmRhci5nb29nbGUuY29t"", IMAGE(""https://api.qrserver.com/v1/create-qr-code/?size=150x150&data=https://www.google.com/calendar/event?eid=NjNlNjE4NnZyczk1cHBtanBzNHJhNDI1OTAgYjk1ZTBmMDMzZjRlNjFmZDdjNDI2MjJhM2YzODA1MjllMTBhZTk0YzRmNDdjMTQ2YTYyMmVjZmU2ZTg5ZTY0MkBncm91cC5jYWxlbmRhci5nb29nbGUuY29t"",1))",https://www.google.com/calendar/event?eid=NjNlNjE4NnZyczk1cHBtanBzNHJhNDI1OTAgYjk1ZTBmMDMzZjRlNjFmZDdjNDI2MjJhM2YzODA1MjllMTBhZTk0YzRmNDdjMTQ2YTYyMmVjZmU2ZTg5ZTY0MkBncm91cC5jYWxlbmRhci5nb29nbGUuY29t,"=HYPERLINK(""https://www.google.com/calendar/event?eid=NjNlNjE4NnZyczk1cHBtanBzNHJhNDI1OTAgYjk1ZTBmMDMzZjRlNjFmZDdjNDI2MjJhM2YzODA1MjllMTBhZTk0YzRmNDdjMTQ2YTYyMmVjZmU2ZTg5ZTY0MkBncm91cC5jYWxlbmRhci5nb29nbGUuY29t"",""AI photo booth rental Orange County "")",,
Calendar - All Day Event,Calendar - AI photo booth rental Orange County  - Event,"=HYPERLINK(""https://www.google.com/calendar/event?eid=bjFwc3EzOHIxbm5udW4wOHR0ZDZpMThkbGsgYjk1ZTBmMDMzZjRlNjFmZDdjNDI2MjJhM2YzODA1MjllMTBhZTk0YzRmNDdjMTQ2YTYyMmVjZmU2ZTg5ZTY0MkBncm91cC5jYWxlbmRhci5nb29nbGUuY29t"", IMAGE(""https://api.qrserver.com/v1/create-qr-code/?size=150x150&data=https://www.google.com/calendar/event?eid=bjFwc3EzOHIxbm5udW4wOHR0ZDZpMThkbGsgYjk1ZTBmMDMzZjRlNjFmZDdjNDI2MjJhM2YzODA1MjllMTBhZTk0YzRmNDdjMTQ2YTYyMmVjZmU2ZTg5ZTY0MkBncm91cC5jYWxlbmRhci5nb29nbGUuY29t"",1))",https://www.google.com/calendar/event?eid=bjFwc3EzOHIxbm5udW4wOHR0ZDZpMThkbGsgYjk1ZTBmMDMzZjRlNjFmZDdjNDI2MjJhM2YzODA1MjllMTBhZTk0YzRmNDdjMTQ2YTYyMmVjZmU2ZTg5ZTY0MkBncm91cC5jYWxlbmRhci5nb29nbGUuY29t,"=HYPERLINK(""https://www.google.com/calendar/event?eid=bjFwc3EzOHIxbm5udW4wOHR0ZDZpMThkbGsgYjk1ZTBmMDMzZjRlNjFmZDdjNDI2MjJhM2YzODA1MjllMTBhZTk0YzRmNDdjMTQ2YTYyMmVjZmU2ZTg5ZTY0MkBncm91cC5jYWxlbmRhci5nb29nbGUuY29t"",""AI photo booth rental Orange County "")",,
Calendar - All Day Event,Calendar - AI photo booth rental Orange County  - Event,"=HYPERLINK(""https://www.google.com/calendar/event?eid=dmRsZWQycGVpNHNsajV2M2YwbjFrMmYxbXMgYjk1ZTBmMDMzZjRlNjFmZDdjNDI2MjJhM2YzODA1MjllMTBhZTk0YzRmNDdjMTQ2YTYyMmVjZmU2ZTg5ZTY0MkBncm91cC5jYWxlbmRhci5nb29nbGUuY29t"", IMAGE(""https://api.qrserver.com/v1/create-qr-code/?size=150x150&data=https://www.google.com/calendar/event?eid=dmRsZWQycGVpNHNsajV2M2YwbjFrMmYxbXMgYjk1ZTBmMDMzZjRlNjFmZDdjNDI2MjJhM2YzODA1MjllMTBhZTk0YzRmNDdjMTQ2YTYyMmVjZmU2ZTg5ZTY0MkBncm91cC5jYWxlbmRhci5nb29nbGUuY29t"",1))",https://www.google.com/calendar/event?eid=dmRsZWQycGVpNHNsajV2M2YwbjFrMmYxbXMgYjk1ZTBmMDMzZjRlNjFmZDdjNDI2MjJhM2YzODA1MjllMTBhZTk0YzRmNDdjMTQ2YTYyMmVjZmU2ZTg5ZTY0MkBncm91cC5jYWxlbmRhci5nb29nbGUuY29t,"=HYPERLINK(""https://www.google.com/calendar/event?eid=dmRsZWQycGVpNHNsajV2M2YwbjFrMmYxbXMgYjk1ZTBmMDMzZjRlNjFmZDdjNDI2MjJhM2YzODA1MjllMTBhZTk0YzRmNDdjMTQ2YTYyMmVjZmU2ZTg5ZTY0MkBncm91cC5jYWxlbmRhci5nb29nbGUuY29t"",""AI photo booth rental Orange County "")",,
Calendar - All Day Event,Calendar - AI photo booth rental Orange County  - Event,"=HYPERLINK(""https://www.google.com/calendar/event?eid=amoycm1sOTBycjh2cHRiMDU2cGw1dDI0OTAgYjk1ZTBmMDMzZjRlNjFmZDdjNDI2MjJhM2YzODA1MjllMTBhZTk0YzRmNDdjMTQ2YTYyMmVjZmU2ZTg5ZTY0MkBncm91cC5jYWxlbmRhci5nb29nbGUuY29t"", IMAGE(""https://api.qrserver.com/v1/create-qr-code/?size=150x150&data=https://www.google.com/calendar/event?eid=amoycm1sOTBycjh2cHRiMDU2cGw1dDI0OTAgYjk1ZTBmMDMzZjRlNjFmZDdjNDI2MjJhM2YzODA1MjllMTBhZTk0YzRmNDdjMTQ2YTYyMmVjZmU2ZTg5ZTY0MkBncm91cC5jYWxlbmRhci5nb29nbGUuY29t"",1))",https://www.google.com/calendar/event?eid=amoycm1sOTBycjh2cHRiMDU2cGw1dDI0OTAgYjk1ZTBmMDMzZjRlNjFmZDdjNDI2MjJhM2YzODA1MjllMTBhZTk0YzRmNDdjMTQ2YTYyMmVjZmU2ZTg5ZTY0MkBncm91cC5jYWxlbmRhci5nb29nbGUuY29t,"=HYPERLINK(""https://www.google.com/calendar/event?eid=amoycm1sOTBycjh2cHRiMDU2cGw1dDI0OTAgYjk1ZTBmMDMzZjRlNjFmZDdjNDI2MjJhM2YzODA1MjllMTBhZTk0YzRmNDdjMTQ2YTYyMmVjZmU2ZTg5ZTY0MkBncm91cC5jYWxlbmRhci5nb29nbGUuY29t"",""AI photo booth rental Orange County "")",,
Calendar - All Day Event,Calendar - AI photo booth rental Orange County  - Event,"=HYPERLINK(""https://www.google.com/calendar/event?eid=cjNnZXR0c2k4YWMwazE3Y25oZGdwa2hwamcgYjk1ZTBmMDMzZjRlNjFmZDdjNDI2MjJhM2YzODA1MjllMTBhZTk0YzRmNDdjMTQ2YTYyMmVjZmU2ZTg5ZTY0MkBncm91cC5jYWxlbmRhci5nb29nbGUuY29t"", IMAGE(""https://api.qrserver.com/v1/create-qr-code/?size=150x150&data=https://www.google.com/calendar/event?eid=cjNnZXR0c2k4YWMwazE3Y25oZGdwa2hwamcgYjk1ZTBmMDMzZjRlNjFmZDdjNDI2MjJhM2YzODA1MjllMTBhZTk0YzRmNDdjMTQ2YTYyMmVjZmU2ZTg5ZTY0MkBncm91cC5jYWxlbmRhci5nb29nbGUuY29t"",1))",https://www.google.com/calendar/event?eid=cjNnZXR0c2k4YWMwazE3Y25oZGdwa2hwamcgYjk1ZTBmMDMzZjRlNjFmZDdjNDI2MjJhM2YzODA1MjllMTBhZTk0YzRmNDdjMTQ2YTYyMmVjZmU2ZTg5ZTY0MkBncm91cC5jYWxlbmRhci5nb29nbGUuY29t,"=HYPERLINK(""https://www.google.com/calendar/event?eid=cjNnZXR0c2k4YWMwazE3Y25oZGdwa2hwamcgYjk1ZTBmMDMzZjRlNjFmZDdjNDI2MjJhM2YzODA1MjllMTBhZTk0YzRmNDdjMTQ2YTYyMmVjZmU2ZTg5ZTY0MkBncm91cC5jYWxlbmRhci5nb29nbGUuY29t"",""AI photo booth rental Orange County "")",,
Calendar - All Day Event,Calendar - AI photo booth rental Orange County  - Event,"=HYPERLINK(""https://www.google.com/calendar/event?eid=cmZ1a3JzdGhmOThubDFldDZoNzh1ZTJxNDggYjk1ZTBmMDMzZjRlNjFmZDdjNDI2MjJhM2YzODA1MjllMTBhZTk0YzRmNDdjMTQ2YTYyMmVjZmU2ZTg5ZTY0MkBncm91cC5jYWxlbmRhci5nb29nbGUuY29t"", IMAGE(""https://api.qrserver.com/v1/create-qr-code/?size=150x150&data=https://www.google.com/calendar/event?eid=cmZ1a3JzdGhmOThubDFldDZoNzh1ZTJxNDggYjk1ZTBmMDMzZjRlNjFmZDdjNDI2MjJhM2YzODA1MjllMTBhZTk0YzRmNDdjMTQ2YTYyMmVjZmU2ZTg5ZTY0MkBncm91cC5jYWxlbmRhci5nb29nbGUuY29t"",1))",https://www.google.com/calendar/event?eid=cmZ1a3JzdGhmOThubDFldDZoNzh1ZTJxNDggYjk1ZTBmMDMzZjRlNjFmZDdjNDI2MjJhM2YzODA1MjllMTBhZTk0YzRmNDdjMTQ2YTYyMmVjZmU2ZTg5ZTY0MkBncm91cC5jYWxlbmRhci5nb29nbGUuY29t,"=HYPERLINK(""https://www.google.com/calendar/event?eid=cmZ1a3JzdGhmOThubDFldDZoNzh1ZTJxNDggYjk1ZTBmMDMzZjRlNjFmZDdjNDI2MjJhM2YzODA1MjllMTBhZTk0YzRmNDdjMTQ2YTYyMmVjZmU2ZTg5ZTY0MkBncm91cC5jYWxlbmRhci5nb29nbGUuY29t"",""AI photo booth rental Orange County "")",,
Calendar - All Day Event,Calendar - AI photo booth rental Orange County  - Event,"=HYPERLINK(""https://www.google.com/calendar/event?eid=aDdxNTJjcjdoampqcmVmamtwazZkZmVsNzAgYjk1ZTBmMDMzZjRlNjFmZDdjNDI2MjJhM2YzODA1MjllMTBhZTk0YzRmNDdjMTQ2YTYyMmVjZmU2ZTg5ZTY0MkBncm91cC5jYWxlbmRhci5nb29nbGUuY29t"", IMAGE(""https://api.qrserver.com/v1/create-qr-code/?size=150x150&data=https://www.google.com/calendar/event?eid=aDdxNTJjcjdoampqcmVmamtwazZkZmVsNzAgYjk1ZTBmMDMzZjRlNjFmZDdjNDI2MjJhM2YzODA1MjllMTBhZTk0YzRmNDdjMTQ2YTYyMmVjZmU2ZTg5ZTY0MkBncm91cC5jYWxlbmRhci5nb29nbGUuY29t"",1))",https://www.google.com/calendar/event?eid=aDdxNTJjcjdoampqcmVmamtwazZkZmVsNzAgYjk1ZTBmMDMzZjRlNjFmZDdjNDI2MjJhM2YzODA1MjllMTBhZTk0YzRmNDdjMTQ2YTYyMmVjZmU2ZTg5ZTY0MkBncm91cC5jYWxlbmRhci5nb29nbGUuY29t,"=HYPERLINK(""https://www.google.com/calendar/event?eid=aDdxNTJjcjdoampqcmVmamtwazZkZmVsNzAgYjk1ZTBmMDMzZjRlNjFmZDdjNDI2MjJhM2YzODA1MjllMTBhZTk0YzRmNDdjMTQ2YTYyMmVjZmU2ZTg5ZTY0MkBncm91cC5jYWxlbmRhci5nb29nbGUuY29t"",""AI photo booth rental Orange County "")",,
Calendar - All Day Event,Calendar - AI photo booth rental Orange County  - Event,"=HYPERLINK(""https://www.google.com/calendar/event?eid=dnJudjVqN3ZpZmsxYzVib2xrdXFjZmQ1cXMgYjk1ZTBmMDMzZjRlNjFmZDdjNDI2MjJhM2YzODA1MjllMTBhZTk0YzRmNDdjMTQ2YTYyMmVjZmU2ZTg5ZTY0MkBncm91cC5jYWxlbmRhci5nb29nbGUuY29t"", IMAGE(""https://api.qrserver.com/v1/create-qr-code/?size=150x150&data=https://www.google.com/calendar/event?eid=dnJudjVqN3ZpZmsxYzVib2xrdXFjZmQ1cXMgYjk1ZTBmMDMzZjRlNjFmZDdjNDI2MjJhM2YzODA1MjllMTBhZTk0YzRmNDdjMTQ2YTYyMmVjZmU2ZTg5ZTY0MkBncm91cC5jYWxlbmRhci5nb29nbGUuY29t"",1))",https://www.google.com/calendar/event?eid=dnJudjVqN3ZpZmsxYzVib2xrdXFjZmQ1cXMgYjk1ZTBmMDMzZjRlNjFmZDdjNDI2MjJhM2YzODA1MjllMTBhZTk0YzRmNDdjMTQ2YTYyMmVjZmU2ZTg5ZTY0MkBncm91cC5jYWxlbmRhci5nb29nbGUuY29t,"=HYPERLINK(""https://www.google.com/calendar/event?eid=dnJudjVqN3ZpZmsxYzVib2xrdXFjZmQ1cXMgYjk1ZTBmMDMzZjRlNjFmZDdjNDI2MjJhM2YzODA1MjllMTBhZTk0YzRmNDdjMTQ2YTYyMmVjZmU2ZTg5ZTY0MkBncm91cC5jYWxlbmRhci5nb29nbGUuY29t"",""AI photo booth rental Orange County "")",,
Calendar - All Day Event,Calendar - AI photo booth rental Orange County  - Event,"=HYPERLINK(""https://www.google.com/calendar/event?eid=bWRpZnRyMzQyamkyY29sZWs0bXR0a291YTggYjk1ZTBmMDMzZjRlNjFmZDdjNDI2MjJhM2YzODA1MjllMTBhZTk0YzRmNDdjMTQ2YTYyMmVjZmU2ZTg5ZTY0MkBncm91cC5jYWxlbmRhci5nb29nbGUuY29t"", IMAGE(""https://api.qrserver.com/v1/create-qr-code/?size=150x150&data=https://www.google.com/calendar/event?eid=bWRpZnRyMzQyamkyY29sZWs0bXR0a291YTggYjk1ZTBmMDMzZjRlNjFmZDdjNDI2MjJhM2YzODA1MjllMTBhZTk0YzRmNDdjMTQ2YTYyMmVjZmU2ZTg5ZTY0MkBncm91cC5jYWxlbmRhci5nb29nbGUuY29t"",1))",https://www.google.com/calendar/event?eid=bWRpZnRyMzQyamkyY29sZWs0bXR0a291YTggYjk1ZTBmMDMzZjRlNjFmZDdjNDI2MjJhM2YzODA1MjllMTBhZTk0YzRmNDdjMTQ2YTYyMmVjZmU2ZTg5ZTY0MkBncm91cC5jYWxlbmRhci5nb29nbGUuY29t,"=HYPERLINK(""https://www.google.com/calendar/event?eid=bWRpZnRyMzQyamkyY29sZWs0bXR0a291YTggYjk1ZTBmMDMzZjRlNjFmZDdjNDI2MjJhM2YzODA1MjllMTBhZTk0YzRmNDdjMTQ2YTYyMmVjZmU2ZTg5ZTY0MkBncm91cC5jYWxlbmRhci5nb29nbGUuY29t"",""AI photo booth rental Orange County "")",,
Calendar - All Day Event,Calendar - AI photo booth rental Orange County  - Event,"=HYPERLINK(""https://www.google.com/calendar/event?eid=amJxZ2ZxaTBhbzlzdHFvazhvZWhvNGk3MzQgYjk1ZTBmMDMzZjRlNjFmZDdjNDI2MjJhM2YzODA1MjllMTBhZTk0YzRmNDdjMTQ2YTYyMmVjZmU2ZTg5ZTY0MkBncm91cC5jYWxlbmRhci5nb29nbGUuY29t"", IMAGE(""https://api.qrserver.com/v1/create-qr-code/?size=150x150&data=https://www.google.com/calendar/event?eid=amJxZ2ZxaTBhbzlzdHFvazhvZWhvNGk3MzQgYjk1ZTBmMDMzZjRlNjFmZDdjNDI2MjJhM2YzODA1MjllMTBhZTk0YzRmNDdjMTQ2YTYyMmVjZmU2ZTg5ZTY0MkBncm91cC5jYWxlbmRhci5nb29nbGUuY29t"",1))",https://www.google.com/calendar/event?eid=amJxZ2ZxaTBhbzlzdHFvazhvZWhvNGk3MzQgYjk1ZTBmMDMzZjRlNjFmZDdjNDI2MjJhM2YzODA1MjllMTBhZTk0YzRmNDdjMTQ2YTYyMmVjZmU2ZTg5ZTY0MkBncm91cC5jYWxlbmRhci5nb29nbGUuY29t,"=HYPERLINK(""https://www.google.com/calendar/event?eid=amJxZ2ZxaTBhbzlzdHFvazhvZWhvNGk3MzQgYjk1ZTBmMDMzZjRlNjFmZDdjNDI2MjJhM2YzODA1MjllMTBhZTk0YzRmNDdjMTQ2YTYyMmVjZmU2ZTg5ZTY0MkBncm91cC5jYWxlbmRhci5nb29nbGUuY29t"",""AI photo booth rental Orange County "")",,
Calendar - All Day Event,Calendar - AI photo booth rental Orange County  - Event,"=HYPERLINK(""https://www.google.com/calendar/event?eid=amNndmhzbGFoODE5ajg2bWdiYW1iZmRwamsgYjk1ZTBmMDMzZjRlNjFmZDdjNDI2MjJhM2YzODA1MjllMTBhZTk0YzRmNDdjMTQ2YTYyMmVjZmU2ZTg5ZTY0MkBncm91cC5jYWxlbmRhci5nb29nbGUuY29t"", IMAGE(""https://api.qrserver.com/v1/create-qr-code/?size=150x150&data=https://www.google.com/calendar/event?eid=amNndmhzbGFoODE5ajg2bWdiYW1iZmRwamsgYjk1ZTBmMDMzZjRlNjFmZDdjNDI2MjJhM2YzODA1MjllMTBhZTk0YzRmNDdjMTQ2YTYyMmVjZmU2ZTg5ZTY0MkBncm91cC5jYWxlbmRhci5nb29nbGUuY29t"",1))",https://www.google.com/calendar/event?eid=amNndmhzbGFoODE5ajg2bWdiYW1iZmRwamsgYjk1ZTBmMDMzZjRlNjFmZDdjNDI2MjJhM2YzODA1MjllMTBhZTk0YzRmNDdjMTQ2YTYyMmVjZmU2ZTg5ZTY0MkBncm91cC5jYWxlbmRhci5nb29nbGUuY29t,"=HYPERLINK(""https://www.google.com/calendar/event?eid=amNndmhzbGFoODE5ajg2bWdiYW1iZmRwamsgYjk1ZTBmMDMzZjRlNjFmZDdjNDI2MjJhM2YzODA1MjllMTBhZTk0YzRmNDdjMTQ2YTYyMmVjZmU2ZTg5ZTY0MkBncm91cC5jYWxlbmRhci5nb29nbGUuY29t"",""AI photo booth rental Orange County "")",,
Calendar - All Day Event,Calendar - AI photo booth rental Orange County  - Event,"=HYPERLINK(""https://www.google.com/calendar/event?eid=MXQ5bzQ2NzV1OG0yaW1wOTZzbXEzcjR1M2sgYjk1ZTBmMDMzZjRlNjFmZDdjNDI2MjJhM2YzODA1MjllMTBhZTk0YzRmNDdjMTQ2YTYyMmVjZmU2ZTg5ZTY0MkBncm91cC5jYWxlbmRhci5nb29nbGUuY29t"", IMAGE(""https://api.qrserver.com/v1/create-qr-code/?size=150x150&data=https://www.google.com/calendar/event?eid=MXQ5bzQ2NzV1OG0yaW1wOTZzbXEzcjR1M2sgYjk1ZTBmMDMzZjRlNjFmZDdjNDI2MjJhM2YzODA1MjllMTBhZTk0YzRmNDdjMTQ2YTYyMmVjZmU2ZTg5ZTY0MkBncm91cC5jYWxlbmRhci5nb29nbGUuY29t"",1))",https://www.google.com/calendar/event?eid=MXQ5bzQ2NzV1OG0yaW1wOTZzbXEzcjR1M2sgYjk1ZTBmMDMzZjRlNjFmZDdjNDI2MjJhM2YzODA1MjllMTBhZTk0YzRmNDdjMTQ2YTYyMmVjZmU2ZTg5ZTY0MkBncm91cC5jYWxlbmRhci5nb29nbGUuY29t,"=HYPERLINK(""https://www.google.com/calendar/event?eid=MXQ5bzQ2NzV1OG0yaW1wOTZzbXEzcjR1M2sgYjk1ZTBmMDMzZjRlNjFmZDdjNDI2MjJhM2YzODA1MjllMTBhZTk0YzRmNDdjMTQ2YTYyMmVjZmU2ZTg5ZTY0MkBncm91cC5jYWxlbmRhci5nb29nbGUuY29t"",""AI photo booth rental Orange County "")",,
Calendar - All Day Event,Calendar - AI photo booth rental Orange County  - Event,"=HYPERLINK(""https://www.google.com/calendar/event?eid=c2o4cWd1OWpwOGNydGVvdmZpZ2szYWZoY2MgYjk1ZTBmMDMzZjRlNjFmZDdjNDI2MjJhM2YzODA1MjllMTBhZTk0YzRmNDdjMTQ2YTYyMmVjZmU2ZTg5ZTY0MkBncm91cC5jYWxlbmRhci5nb29nbGUuY29t"", IMAGE(""https://api.qrserver.com/v1/create-qr-code/?size=150x150&data=https://www.google.com/calendar/event?eid=c2o4cWd1OWpwOGNydGVvdmZpZ2szYWZoY2MgYjk1ZTBmMDMzZjRlNjFmZDdjNDI2MjJhM2YzODA1MjllMTBhZTk0YzRmNDdjMTQ2YTYyMmVjZmU2ZTg5ZTY0MkBncm91cC5jYWxlbmRhci5nb29nbGUuY29t"",1))",https://www.google.com/calendar/event?eid=c2o4cWd1OWpwOGNydGVvdmZpZ2szYWZoY2MgYjk1ZTBmMDMzZjRlNjFmZDdjNDI2MjJhM2YzODA1MjllMTBhZTk0YzRmNDdjMTQ2YTYyMmVjZmU2ZTg5ZTY0MkBncm91cC5jYWxlbmRhci5nb29nbGUuY29t,"=HYPERLINK(""https://www.google.com/calendar/event?eid=c2o4cWd1OWpwOGNydGVvdmZpZ2szYWZoY2MgYjk1ZTBmMDMzZjRlNjFmZDdjNDI2MjJhM2YzODA1MjllMTBhZTk0YzRmNDdjMTQ2YTYyMmVjZmU2ZTg5ZTY0MkBncm91cC5jYWxlbmRhci5nb29nbGUuY29t"",""AI photo booth rental Orange County "")",,
Calendar - All Day Event,Calendar - AI photo booth rental Orange County  - Event,"=HYPERLINK(""https://www.google.com/calendar/event?eid=dWl0YzkyMDZhYjVubnMxdDczbzhlcmhpaTggYjk1ZTBmMDMzZjRlNjFmZDdjNDI2MjJhM2YzODA1MjllMTBhZTk0YzRmNDdjMTQ2YTYyMmVjZmU2ZTg5ZTY0MkBncm91cC5jYWxlbmRhci5nb29nbGUuY29t"", IMAGE(""https://api.qrserver.com/v1/create-qr-code/?size=150x150&data=https://www.google.com/calendar/event?eid=dWl0YzkyMDZhYjVubnMxdDczbzhlcmhpaTggYjk1ZTBmMDMzZjRlNjFmZDdjNDI2MjJhM2YzODA1MjllMTBhZTk0YzRmNDdjMTQ2YTYyMmVjZmU2ZTg5ZTY0MkBncm91cC5jYWxlbmRhci5nb29nbGUuY29t"",1))",https://www.google.com/calendar/event?eid=dWl0YzkyMDZhYjVubnMxdDczbzhlcmhpaTggYjk1ZTBmMDMzZjRlNjFmZDdjNDI2MjJhM2YzODA1MjllMTBhZTk0YzRmNDdjMTQ2YTYyMmVjZmU2ZTg5ZTY0MkBncm91cC5jYWxlbmRhci5nb29nbGUuY29t,"=HYPERLINK(""https://www.google.com/calendar/event?eid=dWl0YzkyMDZhYjVubnMxdDczbzhlcmhpaTggYjk1ZTBmMDMzZjRlNjFmZDdjNDI2MjJhM2YzODA1MjllMTBhZTk0YzRmNDdjMTQ2YTYyMmVjZmU2ZTg5ZTY0MkBncm91cC5jYWxlbmRhci5nb29nbGUuY29t"",""AI photo booth rental Orange County "")",,
Calendar - All Day Event,Calendar - AI photo booth rental Orange County  - Event,"=HYPERLINK(""https://www.google.com/calendar/event?eid=aDA4azk2NmoyOWt1ZDRzYTJpdWVwNWxncm8gYjk1ZTBmMDMzZjRlNjFmZDdjNDI2MjJhM2YzODA1MjllMTBhZTk0YzRmNDdjMTQ2YTYyMmVjZmU2ZTg5ZTY0MkBncm91cC5jYWxlbmRhci5nb29nbGUuY29t"", IMAGE(""https://api.qrserver.com/v1/create-qr-code/?size=150x150&data=https://www.google.com/calendar/event?eid=aDA4azk2NmoyOWt1ZDRzYTJpdWVwNWxncm8gYjk1ZTBmMDMzZjRlNjFmZDdjNDI2MjJhM2YzODA1MjllMTBhZTk0YzRmNDdjMTQ2YTYyMmVjZmU2ZTg5ZTY0MkBncm91cC5jYWxlbmRhci5nb29nbGUuY29t"",1))",https://www.google.com/calendar/event?eid=aDA4azk2NmoyOWt1ZDRzYTJpdWVwNWxncm8gYjk1ZTBmMDMzZjRlNjFmZDdjNDI2MjJhM2YzODA1MjllMTBhZTk0YzRmNDdjMTQ2YTYyMmVjZmU2ZTg5ZTY0MkBncm91cC5jYWxlbmRhci5nb29nbGUuY29t,"=HYPERLINK(""https://www.google.com/calendar/event?eid=aDA4azk2NmoyOWt1ZDRzYTJpdWVwNWxncm8gYjk1ZTBmMDMzZjRlNjFmZDdjNDI2MjJhM2YzODA1MjllMTBhZTk0YzRmNDdjMTQ2YTYyMmVjZmU2ZTg5ZTY0MkBncm91cC5jYWxlbmRhci5nb29nbGUuY29t"",""AI photo booth rental Orange County "")",,
video,AI photo booth rental Orange County ,"=HYPERLINK(""https://youtu.be/3AjCF0_H6pI"", IMAGE(""https://api.qrserver.com/v1/create-qr-code/?size=150x150&data=https://youtu.be/3AjCF0_H6pI"",1))",https://youtu.be/3AjCF0_H6pI,"=HYPERLINK(""https://youtu.be/3AjCF0_H6pI"",""AI photo booth rental Orange County "")",,
video,AI photo booth rental Orange County ,"=HYPERLINK(""https://youtu.be/yD1Nwl2R0O4"", IMAGE(""https://api.qrserver.com/v1/create-qr-code/?size=150x150&data=https://youtu.be/yD1Nwl2R0O4"",1))",https://youtu.be/yD1Nwl2R0O4,"=HYPERLINK(""https://youtu.be/yD1Nwl2R0O4"",""AI photo booth rental Orange County "")",,
video,AI photo booth rental Orange County ,"=HYPERLINK(""https://youtu.be/WWlZX-7fMis"", IMAGE(""https://api.qrserver.com/v1/create-qr-code/?size=150x150&data=https://youtu.be/WWlZX-7fMis"",1))",https://youtu.be/WWlZX-7fMis,"=HYPERLINK(""https://youtu.be/WWlZX-7fMis"",""AI photo booth rental Orange County "")",,
video,AI photo booth rental Orange County ,"=HYPERLINK(""https://youtu.be/uceVMj8rYks"", IMAGE(""https://api.qrserver.com/v1/create-qr-code/?size=150x150&data=https://youtu.be/uceVMj8rYks"",1))",https://youtu.be/uceVMj8rYks,"=HYPERLINK(""https://youtu.be/uceVMj8rYks"",""AI photo booth rental Orange County "")",,
video,AI photo booth rental Orange County ,"=HYPERLINK(""https://youtu.be/5m1UqrkL-Qs"", IMAGE(""https://api.qrserver.com/v1/create-qr-code/?size=150x150&data=https://youtu.be/5m1UqrkL-Qs"",1))",https://youtu.be/5m1UqrkL-Qs,"=HYPERLINK(""https://youtu.be/5m1UqrkL-Qs"",""AI photo booth rental Orange County "")",,
sheet,Sheet1,"=HYPERLINK(""https://docs.google.com/spreadsheets/d/1g9ZcfBO8wYoqZGGzPYQ_-BM-oR2W0j-z8iMoOsnid_A/edit#gid=0"", IMAGE(""https://api.qrserver.com/v1/create-qr-code/?size=150x150&data=https://docs.google.com/spreadsheets/d/1g9ZcfBO8wYoqZGGzPYQ_-BM-oR2W0j-z8iMoOsnid_A/edit#gid=0"",1))",https://docs.google.com/spreadsheets/d/1g9ZcfBO8wYoqZGGzPYQ_-BM-oR2W0j-z8iMoOsnid_A/edit#gid=0,"=HYPERLINK(""https://docs.google.com/spreadsheets/d/1g9ZcfBO8wYoqZGGzPYQ_-BM-oR2W0j-z8iMoOsnid_A/edit#gid=0"",""AI photo booth rental Orange County  Sheet1"")",,
sheet,Keywords,"=HYPERLINK(""https://docs.google.com/spreadsheets/d/1g9ZcfBO8wYoqZGGzPYQ_-BM-oR2W0j-z8iMoOsnid_A/edit#gid=863762785"", IMAGE(""https://api.qrserver.com/v1/create-qr-code/?size=150x150&data=https://docs.google.com/spreadsheets/d/1g9ZcfBO8wYoqZGGzPYQ_-BM-oR2W0j-z8iMoOsnid_A/edit#gid=863762785"",1))",https://docs.google.com/spreadsheets/d/1g9ZcfBO8wYoqZGGzPYQ_-BM-oR2W0j-z8iMoOsnid_A/edit#gid=863762785,"=HYPERLINK(""https://docs.google.com/spreadsheets/d/1g9ZcfBO8wYoqZGGzPYQ_-BM-oR2W0j-z8iMoOsnid_A/edit#gid=863762785"",""AI photo booth rental Orange County  Keywords"")",,
sheet,Content,"=HYPERLINK(""https://docs.google.com/spreadsheets/d/1g9ZcfBO8wYoqZGGzPYQ_-BM-oR2W0j-z8iMoOsnid_A/edit#gid=975395983"", IMAGE(""https://api.qrserver.com/v1/create-qr-code/?size=150x150&data=https://docs.google.com/spreadsheets/d/1g9ZcfBO8wYoqZGGzPYQ_-BM-oR2W0j-z8iMoOsnid_A/edit#gid=975395983"",1))",https://docs.google.com/spreadsheets/d/1g9ZcfBO8wYoqZGGzPYQ_-BM-oR2W0j-z8iMoOsnid_A/edit#gid=975395983,"=HYPERLINK(""https://docs.google.com/spreadsheets/d/1g9ZcfBO8wYoqZGGzPYQ_-BM-oR2W0j-z8iMoOsnid_A/edit#gid=975395983"",""AI photo booth rental Orange County  Content"")",,
sheet,Calendar Events,"=HYPERLINK(""https://docs.google.com/spreadsheets/d/1g9ZcfBO8wYoqZGGzPYQ_-BM-oR2W0j-z8iMoOsnid_A/edit#gid=1327625281"", IMAGE(""https://api.qrserver.com/v1/create-qr-code/?size=150x150&data=https://docs.google.com/spreadsheets/d/1g9ZcfBO8wYoqZGGzPYQ_-BM-oR2W0j-z8iMoOsnid_A/edit#gid=1327625281"",1))",https://docs.google.com/spreadsheets/d/1g9ZcfBO8wYoqZGGzPYQ_-BM-oR2W0j-z8iMoOsnid_A/edit#gid=1327625281,"=HYPERLINK(""https://docs.google.com/spreadsheets/d/1g9ZcfBO8wYoqZGGzPYQ_-BM-oR2W0j-z8iMoOsnid_A/edit#gid=1327625281"",""AI photo booth rental Orange County  Calendar Events"")",,
sheet,RSS Feeds,"=HYPERLINK(""https://docs.google.com/spreadsheets/d/1g9ZcfBO8wYoqZGGzPYQ_-BM-oR2W0j-z8iMoOsnid_A/edit#gid=901642513"", IMAGE(""https://api.qrserver.com/v1/create-qr-code/?size=150x150&data=https://docs.google.com/spreadsheets/d/1g9ZcfBO8wYoqZGGzPYQ_-BM-oR2W0j-z8iMoOsnid_A/edit#gid=901642513"",1))",https://docs.google.com/spreadsheets/d/1g9ZcfBO8wYoqZGGzPYQ_-BM-oR2W0j-z8iMoOsnid_A/edit#gid=901642513,"=HYPERLINK(""https://docs.google.com/spreadsheets/d/1g9ZcfBO8wYoqZGGzPYQ_-BM-oR2W0j-z8iMoOsnid_A/edit#gid=901642513"",""AI photo booth rental Orange County  RSS Feeds"")",,
