All Day Event,https://www.google.com/calendar/event?eid=Z3RrZm9tamtqcm05YjEwNmtraTdzMThvNWMgNThiNzY5MWNkNjY4MTRkNDVmZTVlNWQwZWFjMjYxNzU5NDYzZmNmZjc0MjRlNmExZTc3ZTM1NjBmZjg0NGEzNkBncm91cC5jYWxlbmRhci5nb29nbGUuY29t
All Day Event,https://www.google.com/calendar/event?eid=bzlsODIycmthaWY4MTJiMGhpbzNycHIyMjQgNThiNzY5MWNkNjY4MTRkNDVmZTVlNWQwZWFjMjYxNzU5NDYzZmNmZjc0MjRlNmExZTc3ZTM1NjBmZjg0NGEzNkBncm91cC5jYWxlbmRhci5nb29nbGUuY29t
All Day Event,https://www.google.com/calendar/event?eid=ZmFtY2pkNXNkZXVpanNkaGkyaGR1ZmZ0dTQgNThiNzY5MWNkNjY4MTRkNDVmZTVlNWQwZWFjMjYxNzU5NDYzZmNmZjc0MjRlNmExZTc3ZTM1NjBmZjg0NGEzNkBncm91cC5jYWxlbmRhci5nb29nbGUuY29t
All Day Event,https://www.google.com/calendar/event?eid=YWZtMTE3bHAybnB2YXJkcmV0dDVlMXVvZ2sgNThiNzY5MWNkNjY4MTRkNDVmZTVlNWQwZWFjMjYxNzU5NDYzZmNmZjc0MjRlNmExZTc3ZTM1NjBmZjg0NGEzNkBncm91cC5jYWxlbmRhci5nb29nbGUuY29t
All Day Event,https://www.google.com/calendar/event?eid=MzMyNWo0bjhpczBtZDZzcWQyM2IzMzNzdDQgNThiNzY5MWNkNjY4MTRkNDVmZTVlNWQwZWFjMjYxNzU5NDYzZmNmZjc0MjRlNmExZTc3ZTM1NjBmZjg0NGEzNkBncm91cC5jYWxlbmRhci5nb29nbGUuY29t
All Day Event,https://www.google.com/calendar/event?eid=ZWphcWJ2czZwaHZ0bDhvbHRhZTVlamxrYjAgNThiNzY5MWNkNjY4MTRkNDVmZTVlNWQwZWFjMjYxNzU5NDYzZmNmZjc0MjRlNmExZTc3ZTM1NjBmZjg0NGEzNkBncm91cC5jYWxlbmRhci5nb29nbGUuY29t
All Day Event,https://www.google.com/calendar/event?eid=MXJtOTZwdTJmNHY2bWp1OWhkdHFvamFhYmsgNThiNzY5MWNkNjY4MTRkNDVmZTVlNWQwZWFjMjYxNzU5NDYzZmNmZjc0MjRlNmExZTc3ZTM1NjBmZjg0NGEzNkBncm91cC5jYWxlbmRhci5nb29nbGUuY29t
All Day Event,https://www.google.com/calendar/event?eid=dHByYnNhcjFmbmk3ODQ4OGZja21mYnMzOTAgNThiNzY5MWNkNjY4MTRkNDVmZTVlNWQwZWFjMjYxNzU5NDYzZmNmZjc0MjRlNmExZTc3ZTM1NjBmZjg0NGEzNkBncm91cC5jYWxlbmRhci5nb29nbGUuY29t
All Day Event,https://www.google.com/calendar/event?eid=cGNzamZxb2FhcDZ1bGNucXNqa2JhdWR0MTggNThiNzY5MWNkNjY4MTRkNDVmZTVlNWQwZWFjMjYxNzU5NDYzZmNmZjc0MjRlNmExZTc3ZTM1NjBmZjg0NGEzNkBncm91cC5jYWxlbmRhci5nb29nbGUuY29t
All Day Event,https://www.google.com/calendar/event?eid=MXBxOW83cGVlYzAzcjY0bHR1djFlaWFjbmMgNThiNzY5MWNkNjY4MTRkNDVmZTVlNWQwZWFjMjYxNzU5NDYzZmNmZjc0MjRlNmExZTc3ZTM1NjBmZjg0NGEzNkBncm91cC5jYWxlbmRhci5nb29nbGUuY29t
All Day Event,https://www.google.com/calendar/event?eid=OWkwN3RvODB1bG91MGVwcDA2MTFpdDNvajggNThiNzY5MWNkNjY4MTRkNDVmZTVlNWQwZWFjMjYxNzU5NDYzZmNmZjc0MjRlNmExZTc3ZTM1NjBmZjg0NGEzNkBncm91cC5jYWxlbmRhci5nb29nbGUuY29t
All Day Event,https://www.google.com/calendar/event?eid=YzFtODZxZnN2bmF0Mms5MTZzamgyOGppdGsgNThiNzY5MWNkNjY4MTRkNDVmZTVlNWQwZWFjMjYxNzU5NDYzZmNmZjc0MjRlNmExZTc3ZTM1NjBmZjg0NGEzNkBncm91cC5jYWxlbmRhci5nb29nbGUuY29t
All Day Event,https://www.google.com/calendar/event?eid=dTQ5NXNnbTQza2RsOXZoaWU1ZTQxZXE4c2cgNThiNzY5MWNkNjY4MTRkNDVmZTVlNWQwZWFjMjYxNzU5NDYzZmNmZjc0MjRlNmExZTc3ZTM1NjBmZjg0NGEzNkBncm91cC5jYWxlbmRhci5nb29nbGUuY29t
All Day Event,https://www.google.com/calendar/event?eid=ZHQ3a2xhZnFpaWx0ZW84dTc3dWp0dnM5MTggNThiNzY5MWNkNjY4MTRkNDVmZTVlNWQwZWFjMjYxNzU5NDYzZmNmZjc0MjRlNmExZTc3ZTM1NjBmZjg0NGEzNkBncm91cC5jYWxlbmRhci5nb29nbGUuY29t
All Day Event,https://www.google.com/calendar/event?eid=ajZkcjJhbTdsa2Zmam1vaG5wbnZjYmZrbGMgNThiNzY5MWNkNjY4MTRkNDVmZTVlNWQwZWFjMjYxNzU5NDYzZmNmZjc0MjRlNmExZTc3ZTM1NjBmZjg0NGEzNkBncm91cC5jYWxlbmRhci5nb29nbGUuY29t