All Day Event,https://www.google.com/calendar/event?eid=NjNlNjE4NnZyczk1cHBtanBzNHJhNDI1OTAgYjk1ZTBmMDMzZjRlNjFmZDdjNDI2MjJhM2YzODA1MjllMTBhZTk0YzRmNDdjMTQ2YTYyMmVjZmU2ZTg5ZTY0MkBncm91cC5jYWxlbmRhci5nb29nbGUuY29t
All Day Event,https://www.google.com/calendar/event?eid=bjFwc3EzOHIxbm5udW4wOHR0ZDZpMThkbGsgYjk1ZTBmMDMzZjRlNjFmZDdjNDI2MjJhM2YzODA1MjllMTBhZTk0YzRmNDdjMTQ2YTYyMmVjZmU2ZTg5ZTY0MkBncm91cC5jYWxlbmRhci5nb29nbGUuY29t
All Day Event,https://www.google.com/calendar/event?eid=dmRsZWQycGVpNHNsajV2M2YwbjFrMmYxbXMgYjk1ZTBmMDMzZjRlNjFmZDdjNDI2MjJhM2YzODA1MjllMTBhZTk0YzRmNDdjMTQ2YTYyMmVjZmU2ZTg5ZTY0MkBncm91cC5jYWxlbmRhci5nb29nbGUuY29t
All Day Event,https://www.google.com/calendar/event?eid=amoycm1sOTBycjh2cHRiMDU2cGw1dDI0OTAgYjk1ZTBmMDMzZjRlNjFmZDdjNDI2MjJhM2YzODA1MjllMTBhZTk0YzRmNDdjMTQ2YTYyMmVjZmU2ZTg5ZTY0MkBncm91cC5jYWxlbmRhci5nb29nbGUuY29t
All Day Event,https://www.google.com/calendar/event?eid=cjNnZXR0c2k4YWMwazE3Y25oZGdwa2hwamcgYjk1ZTBmMDMzZjRlNjFmZDdjNDI2MjJhM2YzODA1MjllMTBhZTk0YzRmNDdjMTQ2YTYyMmVjZmU2ZTg5ZTY0MkBncm91cC5jYWxlbmRhci5nb29nbGUuY29t
All Day Event,https://www.google.com/calendar/event?eid=cmZ1a3JzdGhmOThubDFldDZoNzh1ZTJxNDggYjk1ZTBmMDMzZjRlNjFmZDdjNDI2MjJhM2YzODA1MjllMTBhZTk0YzRmNDdjMTQ2YTYyMmVjZmU2ZTg5ZTY0MkBncm91cC5jYWxlbmRhci5nb29nbGUuY29t
All Day Event,https://www.google.com/calendar/event?eid=aDdxNTJjcjdoampqcmVmamtwazZkZmVsNzAgYjk1ZTBmMDMzZjRlNjFmZDdjNDI2MjJhM2YzODA1MjllMTBhZTk0YzRmNDdjMTQ2YTYyMmVjZmU2ZTg5ZTY0MkBncm91cC5jYWxlbmRhci5nb29nbGUuY29t
All Day Event,https://www.google.com/calendar/event?eid=dnJudjVqN3ZpZmsxYzVib2xrdXFjZmQ1cXMgYjk1ZTBmMDMzZjRlNjFmZDdjNDI2MjJhM2YzODA1MjllMTBhZTk0YzRmNDdjMTQ2YTYyMmVjZmU2ZTg5ZTY0MkBncm91cC5jYWxlbmRhci5nb29nbGUuY29t
All Day Event,https://www.google.com/calendar/event?eid=bWRpZnRyMzQyamkyY29sZWs0bXR0a291YTggYjk1ZTBmMDMzZjRlNjFmZDdjNDI2MjJhM2YzODA1MjllMTBhZTk0YzRmNDdjMTQ2YTYyMmVjZmU2ZTg5ZTY0MkBncm91cC5jYWxlbmRhci5nb29nbGUuY29t
All Day Event,https://www.google.com/calendar/event?eid=amJxZ2ZxaTBhbzlzdHFvazhvZWhvNGk3MzQgYjk1ZTBmMDMzZjRlNjFmZDdjNDI2MjJhM2YzODA1MjllMTBhZTk0YzRmNDdjMTQ2YTYyMmVjZmU2ZTg5ZTY0MkBncm91cC5jYWxlbmRhci5nb29nbGUuY29t
All Day Event,https://www.google.com/calendar/event?eid=amNndmhzbGFoODE5ajg2bWdiYW1iZmRwamsgYjk1ZTBmMDMzZjRlNjFmZDdjNDI2MjJhM2YzODA1MjllMTBhZTk0YzRmNDdjMTQ2YTYyMmVjZmU2ZTg5ZTY0MkBncm91cC5jYWxlbmRhci5nb29nbGUuY29t
All Day Event,https://www.google.com/calendar/event?eid=MXQ5bzQ2NzV1OG0yaW1wOTZzbXEzcjR1M2sgYjk1ZTBmMDMzZjRlNjFmZDdjNDI2MjJhM2YzODA1MjllMTBhZTk0YzRmNDdjMTQ2YTYyMmVjZmU2ZTg5ZTY0MkBncm91cC5jYWxlbmRhci5nb29nbGUuY29t
All Day Event,https://www.google.com/calendar/event?eid=c2o4cWd1OWpwOGNydGVvdmZpZ2szYWZoY2MgYjk1ZTBmMDMzZjRlNjFmZDdjNDI2MjJhM2YzODA1MjllMTBhZTk0YzRmNDdjMTQ2YTYyMmVjZmU2ZTg5ZTY0MkBncm91cC5jYWxlbmRhci5nb29nbGUuY29t
All Day Event,https://www.google.com/calendar/event?eid=dWl0YzkyMDZhYjVubnMxdDczbzhlcmhpaTggYjk1ZTBmMDMzZjRlNjFmZDdjNDI2MjJhM2YzODA1MjllMTBhZTk0YzRmNDdjMTQ2YTYyMmVjZmU2ZTg5ZTY0MkBncm91cC5jYWxlbmRhci5nb29nbGUuY29t
All Day Event,https://www.google.com/calendar/event?eid=aDA4azk2NmoyOWt1ZDRzYTJpdWVwNWxncm8gYjk1ZTBmMDMzZjRlNjFmZDdjNDI2MjJhM2YzODA1MjllMTBhZTk0YzRmNDdjMTQ2YTYyMmVjZmU2ZTg5ZTY0MkBncm91cC5jYWxlbmRhci5nb29nbGUuY29t