https://news.google.com/rss/search?q=photobooth,,,,
"Thu, 01 Aug 2024 09:10:52 GMT",Found Vintage Photobooth Pictures - Flashbak,,https://news.google.com/rss/articles/CBMib0FVX3lxTE1ELWZ6dUd3eHV1aWhPbElzR1hhOGlBVjVPVjg5cjRlMk13N1VWaVBRT3BlMlk3MS1kR2pMUHp1ejhJc3RTWmZHblo0WU4zRU1Fa3pjZ1FsV3VWX2lGSk9XWDBlTklXVDBKSFdBcWFXZw?oc=5,Found Vintage Photobooth Pictures  Flashbak
"Fri, 02 Aug 2024 12:01:58 GMT","NEW LARGEST POP MART STORE OPENS AT ION ORCHARD WITH LIFE-SIZED SKULL PANDA STATUE, PHOTOBOOTH & EXCLUSIVE LAUNCHES! - Shout.sg",,https://news.google.com/rss/articles/CBMizwFBVV95cUxNZTdmdV9maW9IbG9nM0hOVWNwNEdOdmtQdkU4NXVQNmhzSTJWSTFLalgxSHBROE8xTjktRWZLV0RKTXg0dmJtdXhvTDZWT0Vlc2tmcC1BTDdDN0Y2TTRYRU41enRXbjNDZGhKVzhaSXFkeHhUb3lWd214V09JOW03SnplQks1dkhPVW1aYzktcF9ENUlVOGVXZ05Rd2V3elBINnpiNkdKOEhQRjB0SzNibGJ5bEVscFJYdEhNeHZKSU5OUVUzT3NqSjR0aTVWcWM?oc=5,"NEW LARGEST POP MART STORE OPENS AT ION ORCHARD WITH LIFE-SIZED SKULL PANDA 
STATUE, PHOTOBOOTH & EXCLUSIVE LAUNCHES!  Shout.sg"
"Tue, 17 Oct 2023 07:00:00 GMT",CDC unveils professional photo booth - MSU Reporter,,https://news.google.com/rss/articles/CBMiggFBVV95cUxPcENqNDVtcEJRRGdkTTRpWTlwTkE1WURTbmhZUjd6SEY1SG5TdmZwVG5vaUttbEQ1bEU0VzFtNHVQa0RwcGxJSmRCMEZrVUtwLW5VRVFKMUdYYkRwS18tYURWcW9PZk01bHo5d00tNXdkRVRlcE1teU00bFRXYldMUS1R?oc=5,CDC unveils professional photo booth  MSU Reporter
"Thu, 15 Feb 2024 08:00:00 GMT",Walter Reed Staff Celebrate Valentine's Day with an Appreciation Luncheon and Photo Booth - DVIDS,,https://news.google.com/rss/articles/CBMiwgFBVV95cUxQdFdnb0U2YTZjN3MzT3VtdTd6R2tXYTBZb1JFTmNFcDdPaGNDZHRDOGZkZGNsYWJSaFdQNnNrcngwNlFaUVRtUGRVSUg2Sy1INGxMcXVlNGNBQzIxNGxwU2VPQjhxVnlZTy1lNm1TSVhQNEQ1X2Q5NnNkMkVWYllvYmVVLVV1WldBNThaUkkwY0dtQVFqZzZUM0FOQmtGZXl0NFNrS043NElFNklKQ19rZW1qbUJJTHZKczJFZHNLOVllUQ?oc=5,"Walter Reed Staff Celebrate Valentine's Day with an Appreciation Luncheon 
and Photo Booth  DVIDS"
"Fri, 01 Sep 2023 06:58:18 GMT","Selfie booth provides quick, official-type photos - State Magazine",,https://news.google.com/rss/articles/CBMiV0FVX3lxTE94WXRpU0FJaVFWZFRzb3N6ZXBlZ3lrc0lQVzRFa2xfNXVGYVdCdDZqMmUtLVg3eVBSSFNTdWZJNEJINHVKRjZlMXFGTWZ5MkFPWmVnU2kwZw?oc=5,"Selfie booth provides quick, official-type photos  State Magazine"
"Wed, 10 Jan 2024 08:00:00 GMT","Hallmark’s ‘The Way Home’ Stars Andie MacDowell, Chyler Leigh & More Snap Cute Photo Booth Pics at Season 2 Premiere - Just Jared",,https://news.google.com/rss/articles/CBMi4gFBVV95cUxQMk1DcG1Bc3N5cWszS3kteVN0ZS12UHI2Uzk3aUNMV2VRQUxzazBseXU3SUJhc0xoX1A1TVJGR3I5QjhhMFZYMkt6UjN5U3RFZmhSd2ZleVJkbFV6c3Bya1g5eDJ6OFlKTjE3OFFJVnQzRGRNM0hDaG5ZbHZ0Q3plS1czQkNDSEFYNGprSlFkTTNxRU1FS2t6YUJ4Mm5EcGVTUG9IWTFMbWM3cG1weXUtWHB0aFNiRW9wdXdKbi15SUp2ZUhFNEpEZWVtVkMyM3N2SV9uYXZKUk5zWDByN2xSM2JR?oc=5,"Hallmark’s ‘The Way Home’ Stars Andie MacDowell, Chyler Leigh & More Snap 
Cute Photo Booth Pics at Season 2 Premiere  Just Jared"
"Mon, 29 Jul 2024 14:38:58 GMT",Photobooth - CoastTV,,https://news.google.com/rss/articles/CBMiV0FVX3lxTE5RRW01amVFLTVMdzdzWGp3QVZPWExNdG9HV09Ockw0dFFBRUowNkVrYUg0RFhObHJzR05iajhRalowSkRRZjFVamdMOUZnWHRNeWl4Vl92cw?oc=5,Photobooth  CoastTV
"Fri, 26 Jul 2024 19:11:00 GMT",Singapore's Event Scene Gets a Dazzling Upgrade with Furps Interactive's Feature-Rich Photobooth Rentals - WICZ,,https://news.google.com/rss/articles/CBMi1AFBVV95cUxNZ3ZPWmhsYU1lSUEyWnVZWmJ3bUtuYVF6VlUwQ1F2QUpPS09XSXpjcEtsUGxzWGNfekM2WVNuTXlRdS1kQzI0dnRJbmI4d2FQbXhuSV80QTNOdjZncko4M0xZQUZkaUJNRmNsTnJicGU3SXpZcTNERVNjWVU0R1lJUTBHQ2UwNExCSldPZURROVQ1TldCcWFRbENTVU5ma1czMjAycU5wdVBWdjQ5RWFnZFZ4RUh4ejZXelhsOWNjN1dLdWFMZDRqQlZyUDVfeGp5WlRpMw?oc=5,"Singapore's Event Scene Gets a Dazzling Upgrade with Furps Interactive's 
Feature-Rich Photobooth Rentals  WICZ"
"Sat, 06 Apr 2024 07:00:00 GMT","How The Legendary Photobooth Picture Of TXT's Yeonjun, ATEEZ's Wooyoung And Stray Kids' Changbin Came To Be - Koreaboo",,https://news.google.com/rss/articles/CBMitAFBVV95cUxNUGdHbkRSdXZOSHdZNW9sOGlqaFVDM2xTeUN5dUp6bzNmdHN0Z2VjQ1NzcU5sSThfQjRxNEZnX2QyVUZvMEtVMnFsU1BQNjA5OGlhOGhBQ3A4WUZEM2U5QjhvM2tWdWFLdTVRNkg0dWZ2dVEzS3llN1hBcDdOd282anFLSVBEak1tR0pwQ0lpS2NKNWR6Z3VwZ2JGcGxIUm56ZElmaDR4TGI3bnVPZVExaEVOVjc?oc=5,"How The Legendary Photobooth Picture Of TXT's Yeonjun, ATEEZ's Wooyoung And 
Stray Kids' Changbin Came To Be  Koreaboo"
"Thu, 13 Jun 2024 07:00:00 GMT",TWICE's Nayeon holds a special photo booth event with fans at her solo comeback showcase - allkpop,,https://news.google.com/rss/articles/CBMixgFBVV95cUxNMXJDME1xaEJUUm00X245RFdkRVdXSWZBZW5GYTgyb0kzeTBuczgybkFOLXBxa2NUN1JIUjFMeDd4ZTI0ZzRsUWR2YWl0NmYzenNiVmIxd2ZadWhPWENKeUhFUlhyUGVkNE5nUDltc09HSktiTFFJdEQ5WU9MRWluS2VIWVlMMVVvUk9jbWxfaFNVeERxd2JlZ2VWZ25FNXFrVDMyUGFtSFM3U3V3bzBWZ2dBVG9yS0RncUJJRk5QTnF0UUhnWGc?oc=5,"TWICE's Nayeon holds a special photo booth event with fans at her solo 
comeback showcase  allkpop"
"Wed, 04 Oct 2023 07:00:00 GMT",B&C Awards 2023: The MFS Photobooth - Bridging & Commerical,,https://news.google.com/rss/articles/CBMiiwFBVV95cUxQeEpOSGN5aktidC1jU1lTeTRsdkduN3kxS1FCbmNKWnNMWXE0YS1EcTNwVWlfNjJNcHlTeDNfNzcxSS0xRDhUX19FQklnbWJ3amNpcjE1amtwUmtISVNKZWJXZXVSakFoT01EOVZTcWJaYXlwTHpKY01ELTFjZFRnZVlmY3oyYkx4Smx3?oc=5,B&C Awards 2023: The MFS Photobooth  Bridging & Commerical
"Tue, 21 May 2024 07:00:00 GMT",John Legend & Chrissy Teigen Photo Booth Video Controversy Explored - ComingSoon.net,,https://news.google.com/rss/articles/CBMisgFBVV95cUxQR3hzRktZUm9BVk1QNUJwV0k2aF9ZeEVtTjVGbDdCcU5fU3FWNzlFNnJQRE9JbjlXR210R0cxV1AtaXlpWkczRTZMU3VISExTNDliRWtGT1FXMkd6SnRkVFNrOS1PdXRoVUd1Zk5ZTFU4Q3liN0RrRi1IWHdSdWRDTExiTnBoM2pNdTRvUjdmQVBxZFlkQnRmQUsxZi1UTmpPdXJuUkkxUTR4WUxGd1gtdW9B0gG3AUFVX3lxTE1vX1NsRW9sY3VMUmtmMlJXTFJ6UkhvUzZOWWw2SURzUkEwR0RETXpsNXluQTc0T2pJNWwtQ0d0U2xQeGt0czRRNEdZVHNMNzZyTzRfSVdzdG50Ul9FTmMzVnFSYVVNOWtOVG10cl95SE9hQlVBek5LT1NSX1RRQjB5UHJUM2tCRWFkYVhCRXExYWZwLUozNnVsWDZNVV81aXBEYTRoY2l2cE5RMldhRkdxQnJlWEZLbw?oc=5,"John Legend & Chrissy Teigen Photo Booth Video Controversy Explored  
ComingSoon.net"
"Thu, 28 Sep 2023 07:00:00 GMT",Restoring vintage photo booths is a labor of love for Las Vegas couple - Las Vegas Weekly,,https://news.google.com/rss/articles/CBMilwFBVV95cUxOZEpmSlEyZUJPTllvTzhJQnpoWXdid3AzbkVtUVE0MmVOWkZ5c3NTaXotOVJJVng4TVNLNjFfd1lTM25ybzNOQzBUcmllX3ppcUVHT0NtcGNUZXRvU29MMVdDLWptaU5aMHp5cDhvQzFYcTRIb1NOYnZOMkxtdnZ2ZkxZSi0yYmVJQUhGRmNKMzZsYVRleFNj?oc=5,"Restoring vintage photo booths is a labor of love for Las Vegas couple  Las 
Vegas Weekly"
"Mon, 20 Nov 2023 08:00:00 GMT",Tatler Ball 2023: Snapshots from the photobooth - Tatler Philippines,,https://news.google.com/rss/articles/CBMigAFBVV95cUxOWV9QTzVWZmlBcElKdUJNVVJPbHNFMTltQUphWS1IOWczaDl4YzVvOVR3WGlqSmo5OVFKNTV6a2hScEhrYkdGSE4zZ2Q5VzNsV2lKejR0Q2NNMGdwb0I5Vm1POURTbU9nTEhaMFdVX3ZjTFFmZExIRGFWakpHQlAweQ?oc=5,Tatler Ball 2023: Snapshots from the photobooth  Tatler Philippines
"Mon, 26 Jun 2023 07:00:00 GMT",5 of the best photo booth apps for a picture-perfect party - Cool Mom Tech,,https://news.google.com/rss/articles/CBMie0FVX3lxTE1qSEdHVDc0MjYyUm91VGpsbWhjVFBZQld5RzlmWndmVzY3V2tWTTd2WU5ZdUFhNWNFQzdWRkJIRGF0MmJZUFVIY3ZaS2k1V0hNaFlrc0k5cWc2ZmI1ZVVOS09GSW9nSTZiNzlQY1hLUDNWMDV4dFVaN3FtUQ?oc=5,5 of the best photo booth apps for a picture-perfect party  Cool Mom Tech
"Tue, 14 May 2024 07:00:00 GMT","FENTY BEAUTY POP-UP AT MARINA BAY SANDS WITH FREE PHOTOBOOTH & CUSTOM MAKEUP SAMPLES, NO SPENDING REQUIRED! - Shout.sg",,https://news.google.com/rss/articles/CBMiwwFBVV95cUxOV01sSGdneWRxTmhWV1VvSnY4eldqd2p6Qy14X2dZZk94N3VFMk5TcS1OUTQwbnJvYlBYZjhFbDRuelowVDU2ZWJkaV9VMHpkWHhvRTFOMDBjTmxhTXBrM0F4dEM5YUpfbUVyWnVVWVFpQzZucDR2ZUpaejczcm9kWXVXckdCSV9ySE9RNUxxUlg2a1pPcUZCWkozLTI5NnpmaFNoaG9GdFU1OG1MSHhMTXNvS2hDWEtGcnJFU3RvUzhyXzQ?oc=5,"FENTY BEAUTY POP-UP AT MARINA BAY SANDS WITH FREE PHOTOBOOTH & CUSTOM 
MAKEUP SAMPLES, NO SPENDING REQUIRED!  Shout.sg"
"Mon, 29 Jul 2024 16:45:30 GMT",K-netizens react to ZEROBASEONE Zhang Hao's photobooth pics with BTS's V (Kim Taehyung) - allkpop,,https://news.google.com/rss/articles/CBMiyAFBVV95cUxOQWlxYkkxWlpaVTgwOHZuMVZDdmlBV2U2cVgxa2hEaTVabEZ2WXl3d0xDMTJIb20xSE0tYTBJWGI3YTVVaTNEU1k2OGFCODcwNmhXMFpoLU9oYnNXNFN1Sl9vTlY3X3htckRTZjF0NWxmVE40LVFIb1ViVF9HSkhjNnhTS09hRmVoSV9QU2NDVEgxTkdBYnBKNlJMc3d3ZWRiZk1Td1NlZm9zUlZ3NVBTQ3hvcmllVWNQODBaQnliUmtrb1VhLTB2UA?oc=5,"K-netizens react to ZEROBASEONE Zhang Hao's photobooth pics with BTS's V 
(Kim Taehyung)  allkpop"
"Sat, 27 Jul 2024 23:29:00 GMT",Need2Know: Angry Crab Shack opens in Prescott; Vintage Photo cuts ribbon on photo booth trailer; New Simply Cruising offers e-bikes - Prescott Daily Courier,,https://news.google.com/rss/articles/CBMigwJBVV95cUxPb2l1clMwRlgxaklSYlZueDg2ZUtUUGUyc1hxVXdNNXk2S3NBVV91NjYtc3YxbG9mR3pQNEo0RXlkSkZFQ0NZSDNsNENST1A1ZlMzT0JKZmh0dWN4TEJJUVpMbDVlTl9QVkpLOF8yb3kxdDFOdTgzLUo0cl9wdExlRnZXRXY1Ty1ub3VsZl94SmpvUUR2YlRvSnVLQ1cya2NocUlZOU1UVW1oZHJCcm9JQUswNGRzM3lab19qNGRYTEptSWJLWVBRVlgwLVpVcGJhWHZ6Q3ItXzVtVzQ3NXBQcGkzelo5QTR2SEdldUlkRzlCY2tRYU5ZYWJ6b1pqemxLaDgw?oc=5,"Need2Know: Angry Crab Shack opens in Prescott; Vintage Photo cuts ribbon on 
photo booth trailer; New Simply Cruising offers e-bikes  Prescott Daily 
Courier"
"Mon, 08 Jan 2024 08:00:00 GMT",Portable Photobooth Printers - Trend Hunter,,https://news.google.com/rss/articles/CBMiaEFVX3lxTFBFemgxTG95czkwSDFwekJYX05xaTUwakU3cFVhNVlpSVpfWUJ2Q0N0cms1X0FuWV9abk5rTC1JdjJWM0U2M2JEVWpUZVdpQnhrZnVVd0VSSGxpNWlnUDdUX19uNkNkNF9s0gFuQVVfeXFMTkFrWWFCdVJSMVI0RmFwLThHWmtDT0E3aXJnMF8ybzB3QUxfVjNGSjlnTkxVS1pQSUdjZ29IMjY5akstcl9xRjc4WUtBMDQ5S2FWelItdkZqTU1pX21OblI4NVlyZllaY3BuUExxcnc?oc=5,Portable Photobooth Printers  Trend Hunter
"Mon, 23 Oct 2023 07:00:00 GMT",Working Iowa: Univ. of Iowa headshot photo booth helps students put best face forward - KCRG,,https://news.google.com/rss/articles/CBMiswFBVV95cUxOOFZPR0owN2xRRmNnQ1Y5VnpzYmxzRWdHVC1RSlZCSUlrOHFMM0lDaktZZFg2eG5oOU5VN1g4LXViVUFULTBiclpmYm1USUtOOTRvS09wMVdVYnYzZ21kZ1huMzJzV05ldmdqUkRoNUxOZDdMVDRPajNJclJzcjBMRFdsb00yMFIzX180VWJ6VlFQRUtGdTh0ZkkzYlNEcnRnYkRiU2ZkQ1hJYnFzTkNOd0ZhWdIBxwFBVV95cUxPc1lpSy01S1VmU01uTDhZYjRaYVhOc000YzhfUXUySlh6NjhhdFFZaVprdkE0dzY5TmVQV0dMcm9nWnRjRlhYNTFfb2xNaXRzMDNyYjlTd21IWnY3V2MxMFdMZmcxczkzWGtmV3Bzel9KbDF5ZFhwUDBVakJRNDZvR0dKMWV0ZUhhLWZTbzNYVHRWaHYtVTNSSlhVZ09FTXRIdzQyQ2x6bGVzd3dkVUIySnl2Ty1PX1pfLWpfWUU3TlYzU3lMNFpv?oc=5,"Working Iowa: Univ. of Iowa headshot photo booth helps students put best 
face forward  KCRG"
folder top,"<iframe src=""https://drive.google.com/embeddedfolderview?id=1Ing0L4bxSZ8tyCce0jnDHBkmz-lsEOH6"" width=""100%"" height=""550"" frameborder=""0"" class=""folder_embed"" allowfullscreen=""true"" scrolling=""no"" loading=""lazy"" mozallowfullscreen=""true"" webkitallowfullscreen=""true""></iframe>",,,
folder articles,"<iframe src=""https://drive.google.com/embeddedfolderview?id=1nbSYpbXSHbx_Wui2-4c4OSZepqmguECa"" width=""100%"" height=""550"" frameborder=""0"" class=""folder_embed"" allowfullscreen=""true"" scrolling=""no"" loading=""lazy"" mozallowfullscreen=""true"" webkitallowfullscreen=""true""></iframe>",,,
folder slides,"<iframe src=""https://drive.google.com/embeddedfolderview?id=1i59SRw_WNzrbYWOPG7gpA_6uQW3so1GD"" width=""100%"" height=""550"" frameborder=""0"" class=""folder_embed"" allowfullscreen=""true"" scrolling=""no"" loading=""lazy"" mozallowfullscreen=""true"" webkitallowfullscreen=""true""></iframe>",,,
folder photos,"<iframe src=""https://drive.google.com/embeddedfolderview?id=1BGxHw55aGzgBWa_E3suQb-PmhVBvFrP_"" width=""100%"" height=""550"" frameborder=""0"" class=""folder_embed"" allowfullscreen=""true"" scrolling=""no"" loading=""lazy"" mozallowfullscreen=""true"" webkitallowfullscreen=""true""></iframe>",,,
folder pdfs,"<iframe src=""https://drive.google.com/embeddedfolderview?id=1rNeSW0dhfPBvNWyKkXBd3LUWtAA0x_Nz"" width=""100%"" height=""550"" frameborder=""0"" class=""folder_embed"" allowfullscreen=""true"" scrolling=""no"" loading=""lazy"" mozallowfullscreen=""true"" webkitallowfullscreen=""true""></iframe>",,,
spreadsheet,"<iframe src=""https://docs.google.com/spreadsheets/d/1IQfD4w3J0sT7L2bV7xBWZFVRUaOeHrgSbZ4smXgCBnk/pubhtml"" width=""100%"" height=""800"" frameborder=""0"" class=""folder_embed"" allowfullscreen=""true"" scrolling=""no"" loading=""lazy"" mozallowfullscreen=""true"" webkitallowfullscreen=""true""></iframe>",,,
presentation,"<iframe src=""https://docs.google.com/presentation/d/1yzPpKgK8aaD4V71kmeNjaD008p38Qn6OLbvl8-ipXW4/edit?usp=sharing"" width=""100%"" height=""523"" loading=""lazy""></iframe>",,,
presentation,"<iframe src=""https://docs.google.com/presentation/d/1yzPpKgK8aaD4V71kmeNjaD008p38Qn6OLbvl8-ipXW4/embed?start=true&loop=true&delayms=3000&size=l"" width=""100%"" height=""323"" frameborder=""0"" loading=""lazy"" allowfullscreen=""true"" scrolling=""no"" mozallowfullscreen=""true"" webkitallowfullscreen=""true""></iframe>",,,