keyword,Photo Booth Rentals near CHINO Hills,Photo Booth Rentals near CHINO Hills,https://sites.google.com/view/photo-booth-rental-chino/home
keyword,photo booth rental wedding cost Chino Hills,photo booth rental wedding cost Chino Hills,https://drive.google.com/drive/folders/1ZFmtxpsq1guJg1XtjMzllvAaCdDwESOJ?usp=sharing
keyword,how much does it cost to rent a Chino Hills photo booth,how much does it cost to rent a Chino Hills photo booth,https://docs.google.com/document/d/1dNy8DRorxNiD7qd5HQDC-LO1a7zdukg4xMjFWDfexmU/edit?usp=sharing
keyword,how much is it to rent a Chino Hills photo booth,how much is it to rent a Chino Hills photo booth,https://docs.google.com/document/d/1dNy8DRorxNiD7qd5HQDC-LO1a7zdukg4xMjFWDfexmU/pub
keyword,photo booth rental Chino Hills,photo booth rental Chino Hills,https://docs.google.com/document/d/1BgNF9W0QGNsd3KmxIXSp7RlJNYYiQQWCNuXYepF6rNo/edit?usp=sharing
keyword,photo booth rental services Chino Hills,photo booth rental services Chino Hills,https://docs.google.com/document/d/1BgNF9W0QGNsd3KmxIXSp7RlJNYYiQQWCNuXYepF6rNo/pub
keyword,photo.booth rentals Chino Hills,photo.booth rentals Chino Hills,https://docs.google.com/document/d/1BgNF9W0QGNsd3KmxIXSp7RlJNYYiQQWCNuXYepF6rNo/view
keyword,photo booth rental sweet 16 Chino Hills,photo booth rental sweet 16 Chino Hills,https://docs.google.com/document/d/16Zwld9Jbj8droinz6CTVL5H96UJXoprWbxKC2JricCA/edit?usp=sharing
keyword,photo booth rental 360 Chino Hills,photo booth rental 360 Chino Hills,https://docs.google.com/document/d/16Zwld9Jbj8droinz6CTVL5H96UJXoprWbxKC2JricCA/pub
keyword,360 photo booth rental near Chino Hills,360 photo booth rental near Chino Hills,https://docs.google.com/document/d/16Zwld9Jbj8droinz6CTVL5H96UJXoprWbxKC2JricCA/view
keyword,360 photo booth rental Chino Hills,360 photo booth rental Chino Hills,https://docs.google.com/document/d/1Iyt3mkJrh5VzzTBdFEFexmfUSVhoJqaAPTxYYb6oYaI/edit?usp=sharing
keyword,4 hour photo booth rental Chino Hills,4 hour photo booth rental Chino Hills,https://docs.google.com/document/d/1Iyt3mkJrh5VzzTBdFEFexmfUSVhoJqaAPTxYYb6oYaI/pub
keyword,how much is it to rent a photo booth for a party in Chino Hills,how much is it to rent a photo booth for a party in Chino Hills,https://docs.google.com/document/d/1Iyt3mkJrh5VzzTBdFEFexmfUSVhoJqaAPTxYYb6oYaI/view
keyword,photo booth rentals cost in Chino Hills,photo booth rentals cost in Chino Hills,https://docs.google.com/document/d/1hWhkm1UZ2iHCDXlb1LkxpFASrfZgVHVImQyGAr6ilvs/edit?usp=sharing
keyword,photo booth rental company near Chino Hills,photo booth rental company near Chino Hills,https://docs.google.com/document/d/1hWhkm1UZ2iHCDXlb1LkxpFASrfZgVHVImQyGAr6ilvs/pub
keyword,photo booth rental.near Chino Hills,photo booth rental.near Chino Hills,https://docs.google.com/document/d/1hWhkm1UZ2iHCDXlb1LkxpFASrfZgVHVImQyGAr6ilvs/view
keyword,90s photo booth rental Chino Hills,90s photo booth rental Chino Hills,https://docs.google.com/document/d/14ouiypL6E-1WruhU4nV8y2BuAtdC4fKhMmvfkZzxhMQ/edit?usp=sharing
keyword,video photo booth rental Chino Hills,video photo booth rental Chino Hills,https://docs.google.com/document/d/14ouiypL6E-1WruhU4nV8y2BuAtdC4fKhMmvfkZzxhMQ/pub
keyword,photo booth rental west covina,photo booth rental west covina,https://docs.google.com/document/d/14ouiypL6E-1WruhU4nV8y2BuAtdC4fKhMmvfkZzxhMQ/view
keyword,photo booth rental Chino Hills ca,photo booth rental Chino Hills ca,https://docs.google.com/document/d/1TxCobX3wLuDu7k_p2VxAWoVHZA86w4mlWA_oyZPXXqo/edit?usp=sharing
keyword,photo booth rental with prints in Chino Hills,photo booth rental with prints in Chino Hills,https://docs.google.com/document/d/1TxCobX3wLuDu7k_p2VxAWoVHZA86w4mlWA_oyZPXXqo/pub